date,exit_date,expiry,strike,rolled_to_next_expiry,entry_pts,exit_pts,gross_pts,net_pts,lot_size
2024-10-03,2024-10-04,2024-10-10,25600.0,1,347.65,468.5,-120.85,-125.326,25
2024-10-04,2024-10-07,2024-10-10,25150.0,0,406.15,341.7,64.45,59.9476,25
2024-10-07,2024-10-08,2024-10-10,25100.0,0,341.5,403.3,-61.8,-66.2383,25
2024-10-08,2024-10-09,2024-10-10,24850.0,0,362.85,289.6,73.25,68.832,25
2024-10-09,2024-10-10,2024-10-10,25050.0,0,247.75,136.95,110.8,106.6127,25
2024-10-10,2024-10-11,2024-10-17,25050.0,1,376.4,227.6,148.8,144.3904,25
2024-10-11,2024-10-14,2024-10-17,25000.0,0,319.79,128.2,191.59,187.3047,25
2024-10-14,2024-10-15,2024-10-17,25050.0,0,258.55,227.6,30.95,26.7071,25
2024-10-15,2024-10-16,2024-10-17,25200.0,0,196.35,225.2,-28.85,-33.0039,25
2024-10-16,2024-10-17,2024-10-17,25000.0,0,168.15,128.2,39.95,35.8792,25
2024-10-17,2024-10-18,2024-10-24,24950.0,1,320.29,408.85,-88.56,-92.9708,25
2024-10-18,2024-10-21,2024-10-24,24550.0,0,357.54,401.35,-43.81,-48.2702,25
2024-10-21,2024-10-22,2024-10-24,24900.0,0,254.2,230.9,23.3,19.0618,25
2024-10-22,2024-10-23,2024-10-24,24800.0,0,223.25,345.1,-121.85,-126.0952,25
2024-10-23,2024-10-24,2024-10-24,24500.0,0,231.1,142.9,88.2,84.0336,25
2024-10-24,2024-10-25,2024-10-31,24400.0,1,363.44,154.54,208.9,204.5412,25
2024-10-25,2024-10-28,2024-10-31,24450.0,0,303.9,343.2,-39.3,-43.6584,25
2024-10-28,2024-10-29,2024-10-31,24200.0,0,286.75,254.15,32.6,28.3054,25
2024-10-29,2024-10-30,2024-10-31,24250.0,0,241.75,231.1,10.65,6.4293,25
2024-10-30,2024-10-31,2024-10-31,24400.0,0,193.25,154.54,38.71,34.5919,25
2024-10-31,2024-11-04,2024-11-07,24250.0,1,460.25,411.69,48.56,43.95,25
2024-11-04,2024-11-05,2024-11-07,24050.0,0,420.75,380.0,40.75,36.2099,25
2024-11-05,2024-11-06,2024-11-07,24000.0,0,380.9,376.3,4.6,0.1179,25
2024-11-06,2024-11-07,2024-11-07,24350.0,0,231.55,129.89,101.66,97.4987,25
2024-11-07,2024-11-08,2024-11-14,24350.0,1,388.5,376.7,11.8,7.307,25
2024-11-08,2024-11-11,2024-11-14,24150.0,0,362.8,369.95,-7.15,-11.6036,25
2024-11-11,2024-11-12,2024-11-14,24100.0,0,272.79,238.15,34.64,30.3723,25
2024-11-12,2024-11-13,2024-11-14,24150.0,0,227.3,369.95,-142.65,-146.912,25
2024-11-13,2024-11-14,2024-11-14,23800.0,0,229.25,254.8,-25.55,-29.7635,25
2024-11-14,2024-11-18,2024-11-21,23600.0,1,360.1,294.95,65.15,60.7335,25
2024-11-18,2024-11-19,2024-11-21,23450.0,0,292.35,281.9,10.45,6.1351,25
2024-11-19,2024-11-21,2024-11-21,23650.0,0,218.65,315.0,-96.35,-100.5753,25
2024-11-21,2024-11-22,2024-11-28,23400.0,1,410.0,396.6,13.4,8.8677,25
2024-11-22,2024-11-25,2024-11-28,23500.0,0,365.7,858.3,-492.6,-497.2748,25
2024-11-25,2024-11-26,2024-11-28,24300.0,0,340.15,209.45,130.7,126.3497,25
2024-11-26,2024-11-27,2024-11-28,24300.0,0,258.15,209.45,48.7,44.4657,25
2024-11-27,2024-11-28,2024-11-28,24150.0,0,193.35,175.15,18.2,14.0726,25
2024-11-28,2024-11-29,2024-12-05,24300.0,1,345.15,315.25,29.9,25.4956,25
2024-11-29,2024-12-02,2024-12-05,24050.0,0,384.95,405.75,-20.8,-25.3009,25
2024-12-02,2024-12-03,2024-12-05,24050.0,0,302.05,405.75,-103.7,-108.0836,25
2024-12-03,2024-12-04,2024-12-05,24300.0,0,315.24,315.25,-0.01,-4.3721,25
2024-12-04,2024-12-05,2024-12-05,24500.0,0,254.5,233.95,20.55,16.31,25
2024-12-05,2024-12-06,2024-12-12,24500.0,1,471.1,513.55,-42.45,-47.1207,25
2024-12-06,2024-12-09,2024-12-12,24700.0,0,476.85,344.35,132.5,127.8964,25
2024-12-09,2024-12-10,2024-12-12,24650.0,0,339.25,269.39,69.86,65.4844,25
2024-12-10,2024-12-11,2024-12-12,24600.0,0,264.3,102.19,162.11,157.9147,25
2024-12-11,2024-12-12,2024-12-12,24600.0,0,192.0,102.19,89.81,85.717,25
2024-12-12,2024-12-13,2024-12-19,24650.0,1,324.6,397.75,-73.15,-77.562,25
2024-12-13,2024-12-16,2024-12-19,24400.0,0,364.55,409.45,-44.9,-49.3737,25
2024-12-16,2024-12-17,2024-12-19,24700.0,0,311.65,329.65,-18.0,-22.3634,25
2024-12-17,2024-12-18,2024-12-19,24600.0,0,317.24,361.49,-44.25,-48.6354,25
2024-12-18,2024-12-19,2024-12-19,24300.0,0,238.1,435.15,-197.05,-201.3562,25
2024-12-27,2024-12-30,2025-01-02,23850.0,0,343.25,262.0,81.25,79.3893,75
2024-12-30,2024-12-31,2025-01-02,23750.0,0,254.75,299.2,-44.45,-46.202,75
2024-12-31,2025-01-01,2025-01-02,23550.0,0,253.9,251.25,2.65,0.9205,75
2025-01-01,2025-01-02,2025-01-02,23650.0,0,231.3,250.3,-19.0,-20.6971,75
2025-01-02,2025-01-03,2025-01-09,23750.0,1,462.05,214.6,247.45,245.4424,75
2025-01-03,2025-01-06,2025-01-09,24150.0,0,368.6,325.75,42.85,40.9251,75
2025-01-06,2025-01-07,2025-01-09,24050.0,0,310.2,381.5,-71.3,-73.167,75
2025-01-07,2025-01-08,2025-01-09,23750.0,0,313.55,214.6,98.95,97.1524,75
2025-01-08,2025-01-09,2025-01-09,23650.0,0,192.85,104.14,88.71,87.1322,75
2025-01-09,2025-01-10,2025-01-16,23600.0,1,365.15,359.9,5.25,3.3148,75
2025-01-10,2025-01-13,2025-01-16,23500.0,0,364.44,376.2,-11.76,-13.7014,75
2025-01-13,2025-01-14,2025-01-16,23250.0,0,329.5,228.95,100.55,98.7235,75
2025-01-14,2025-01-15,2025-01-16,23200.0,0,232.5,145.34,87.16,85.5078,75
2025-01-15,2025-01-16,2025-01-16,23200.0,0,157.0,145.34,11.66,10.1146,75
2025-01-16,2025-01-17,2025-01-23,23350.0,1,333.45,346.25,-12.8,-14.6843,75
2025-01-17,2025-01-20,2025-01-23,23200.0,0,351.2,331.65,19.55,17.6471,75
2025-01-20,2025-01-21,2025-01-23,23200.0,0,346.99,331.65,15.34,13.4431,75
2025-01-21,2025-01-22,2025-01-23,23400.0,0,266.8,319.2,-52.4,-54.178,75
2025-01-22,2025-01-23,2025-01-23,23100.0,0,217.1,91.6,125.5,123.8935,75
2025-01-23,2025-01-24,2025-01-30,23100.0,1,377.9,414.15,-36.25,-40.7447,25
2025-01-24,2025-01-27,2025-01-30,23250.0,0,384.0,411.0,-27.0,-31.5019,25
2025-01-27,2025-01-28,2025-01-30,22950.0,0,344.4,308.4,36.0,31.5997,25
2025-01-28,2025-01-29,2025-01-30,22900.0,0,307.99,318.05,-10.06,-14.413,25
2025-01-29,2025-01-30,2025-01-30,23000.0,0,295.85,297.7,-1.85,-6.1768,25
2025-01-30,2025-01-31,2025-02-06,23150.0,1,710.55,678.95,31.6,29.0344,75
2025-01-31,2025-02-03,2025-02-06,23350.0,0,639.79,274.05,365.74,363.4545,75
2025-02-03,2025-02-04,2025-02-06,23350.0,0,270.29,274.05,-3.76,-5.5228,75
2025-02-04,2025-02-05,2025-02-06,23500.0,0,223.7,261.75,-38.05,-39.7415,75
2025-02-05,2025-02-06,2025-02-06,23750.0,0,180.55,163.0,17.55,15.9635,75
2025-02-06,2025-02-07,2025-02-13,23700.0,1,402.4,393.5,8.9,6.8972,75
2025-02-07,2025-02-10,2025-02-13,23600.0,0,391.1,312.05,79.05,77.0994,75
2025-02-10,2025-02-11,2025-02-13,23450.0,0,297.6,292.1,5.5,3.6905,75
2025-02-11,2025-02-12,2025-02-13,23300.0,0,281.34,335.45,-54.11,-55.9158,75
2025-02-12,2025-02-13,2025-02-13,23000.0,0,206.85,171.2,35.65,34.0226,75
2025-02-13,2025-02-14,2025-02-20,23000.0,1,411.4,368.05,43.35,41.3458,75
2025-02-14,2025-02-17,2025-02-20,23050.0,0,361.3,356.34,4.96,3.0319,75
2025-02-17,2025-02-18,2025-02-20,22850.0,0,343.75,120.2,223.55,221.7517,75
2025-02-18,2025-02-19,2025-02-20,22900.0,0,310.63,211.45,99.18,97.3879,75
2025-02-19,2025-02-20,2025-02-20,22850.0,0,210.6,120.2,90.4,88.79,75
2025-02-20,2025-02-21,2025-02-27,22850.0,1,375.85,317.95,57.9,55.9683,75
2025-02-21,2025-02-24,2025-02-27,22900.0,0,309.45,327.85,-18.4,-20.2421,75
2025-02-24,2025-02-25,2025-02-27,22600.0,0,260.1,162.59,97.51,95.8111,75
2025-02-25,2025-02-27,2025-02-27,22550.0,0,169.6,66.9,102.7,101.1717,75
2025-02-27,2025-02-28,2025-03-06,22550.0,1,304.2,299.1,5.1,3.2781,75
2025-02-28,2025-03-03,2025-03-06,22350.0,0,282.95,270.0,12.95,11.1711,75
2025-03-03,2025-03-04,2025-03-06,22150.0,0,270.7,233.85,36.85,35.1045,75
2025-03-04,2025-03-05,2025-03-06,22000.0,0,211.8,247.45,-35.65,-37.3183,75
2025-03-05,2025-03-06,2025-03-06,22200.0,0,167.85,168.0,-0.15,-1.7208,75
2025-03-06,2025-03-07,2025-03-13,22350.0,1,345.7,210.65,135.05,133.2087,75
2025-03-07,2025-03-10,2025-03-13,22500.0,0,307.65,268.55,39.1,37.2868,75
2025-03-10,2025-03-11,2025-03-13,22600.0,0,258.95,312.0,-53.05,-54.8137,75
2025-03-11,2025-03-12,2025-03-13,22350.0,0,233.05,210.65,22.4,20.718,75
2025-03-12,2025-03-13,2025-03-13,22450.0,0,188.6,76.75,111.85,110.2904,75
2025-03-13,2025-03-17,2025-03-20,22500.0,1,290.95,245.15,45.8,44.0208,75
2025-03-17,2025-03-18,2025-03-20,22550.0,0,234.59,263.55,-28.96,-30.6677,75
2025-03-18,2025-03-19,2025-03-20,22650.0,0,236.19,263.35,-27.16,-28.8698,75
2025-03-19,2025-03-20,2025-03-20,22850.0,0,177.09,237.3,-60.21,-61.8247,75
2025-03-20,2025-03-21,2025-03-27,23050.0,1,310.3,293.75,16.55,14.7218,75
2025-03-21,2025-03-24,2025-03-27,23200.0,0,260.85,355.3,-94.45,-96.2356,75
2025-03-24,2025-03-25,2025-03-27,23500.0,0,254.5,359.75,-105.25,-107.0286,75
2025-03-25,2025-03-26,2025-03-27,23700.0,0,289.7,178.79,110.91,109.1621,75
2025-03-26,2025-03-27,2025-03-27,23700.0,0,203.4,178.79,24.61,22.9841,75
2025-03-27,2025-03-28,2025-04-03,23550.0,1,346.49,216.9,129.59,127.7448,75
2025-03-28,2025-04-01,2025-04-03,23550.0,0,310.6,216.9,93.7,91.9056,75
2025-04-01,2025-04-02,2025-04-03,23450.0,0,216.8,234.9,-18.1,-19.7698,75
2025-04-02,2025-04-03,2025-04-03,23250.0,0,196.75,95.2,101.55,99.9707,75
2025-04-03,2025-04-04,2025-04-09,23250.0,1,345.65,339.35,6.3,4.4015,75
2025-04-04,2025-04-07,2025-04-09,23100.0,0,305.9,963.2,-657.3,-659.4195,75
2025-04-07,2025-04-08,2025-04-09,22050.0,0,562.55,589.2,-26.65,-28.9663,75
2025-04-08,2025-04-09,2025-04-09,22550.0,0,318.79,259.65,59.14,57.315,75
2025-04-09,2025-04-11,2025-04-17,22400.0,1,631.85,613.9,17.95,15.5247,75
2025-04-11,2025-04-15,2025-04-17,22750.0,0,474.99,589.2,-114.21,-116.4025,75
2025-04-15,2025-04-16,2025-04-17,23300.0,0,285.55,127.84,157.71,155.9906,75
2025-04-16,2025-04-17,2025-04-17,23350.0,0,137.2,112.2,25.0,23.4974,75
2025-04-17,2025-04-21,2025-04-24,23300.0,1,394.2,671.19,-276.99,-279.1046,75
2025-04-21,2025-04-22,2025-04-24,23950.0,0,334.65,268.35,66.3,64.4487,75
2025-04-22,2025-04-23,2025-04-24,24150.0,0,213.55,207.2,6.35,4.6972,75
2025-04-23,2025-04-24,2025-04-24,24300.0,0,176.45,87.35,89.1,87.5529,75
2025-04-24,2025-04-25,2025-04-30,24250.0,1,388.0,365.85,22.15,20.1799,75
2025-04-25,2025-04-28,2025-04-30,24300.0,0,354.4,277.39,77.01,75.1267,75
2025-04-28,2025-04-29,2025-04-30,24100.0,0,265.5,334.05,-68.55,-70.3327,75
2025-04-29,2025-04-30,2025-04-30,24400.0,0,168.19,95.55,72.64,71.1009,75
2025-04-30,2025-05-02,2025-05-08,24300.0,1,466.5,466.2,0.3,-1.8258,75
2025-05-02,2025-05-05,2025-05-08,24500.0,0,377.65,280.6,97.05,95.1324,75
2025-05-05,2025-05-06,2025-05-08,24450.0,0,276.79,102.7,174.09,172.3942,75
2025-05-06,2025-05-07,2025-05-08,24450.0,0,174.85,102.7,72.15,70.5983,75
2025-05-07,2025-05-08,2025-05-08,24450.0,0,182.9,102.7,80.2,78.637,75
2025-05-08,2025-05-09,2025-05-15,24400.0,1,412.5,529.1,-116.6,-118.6774,75
2025-05-09,2025-05-12,2025-05-15,24100.0,0,511.25,535.7,-24.45,-26.67,75
2025-05-12,2025-05-13,2025-05-15,24600.0,0,285.3,401.1,-115.8,-117.6405,75
2025-05-13,2025-05-14,2025-05-15,24750.0,0,376.5,249.35,127.15,125.2479,75
2025-05-14,2025-05-15,2025-05-15,24700.0,0,246.8,166.3,80.5,78.8183,75
2025-05-15,2025-05-16,2025-05-22,24600.0,1,429.75,584.09,-154.34,-156.4662,75
2025-05-16,2025-05-19,2025-05-22,25050.0,0,373.55,342.0,31.55,29.6109,75
2025-05-19,2025-05-20,2025-05-22,25000.0,0,346.6,273.25,73.35,71.4796,75
2025-05-20,2025-05-21,2025-05-22,24950.0,0,265.2,302.65,-37.45,-39.2183,75
2025-05-21,2025-05-22,2025-05-22,24750.0,0,236.05,267.7,-31.65,-33.3616,75
2025-05-22,2025-05-23,2025-05-29,24600.0,1,463.85,406.19,57.66,55.5646,75
2025-05-23,2025-05-26,2025-05-29,24700.0,0,387.65,539.75,-152.1,-154.1469,75
2025-05-26,2025-05-27,2025-05-29,25050.0,0,408.4,474.4,-66.0,-68.0472,75
2025-05-27,2025-05-28,2025-05-29,24800.0,0,435.4,373.0,62.4,60.3596,75
2025-05-28,2025-05-29,2025-05-29,24750.0,0,363.3,123.4,239.9,238.0726,75
2025-05-29,2025-05-30,2025-06-05,24800.0,1,461.0,427.15,33.85,31.7494,75
2025-05-30,2025-06-02,2025-06-05,24850.0,0,424.2,473.05,-48.85,-50.919,75
2025-06-02,2025-06-03,2025-06-05,24550.0,0,395.75,184.25,211.5,209.5996,75
2025-06-03,2025-06-04,2025-06-05,24650.0,0,431.75,218.25,213.5,211.5336,75
2025-06-04,2025-06-05,2025-06-05,24550.0,0,200.85,184.25,16.6,14.9753,75
2025-06-05,2025-06-06,2025-06-12,24700.0,1,398.0,343.75,54.25,52.2755,75
2025-06-06,2025-06-09,2025-06-12,24750.0,0,342.15,431.5,-89.35,-91.2845,75
2025-06-09,2025-06-10,2025-06-12,25100.0,0,311.5,157.95,153.55,151.7805,75
2025-06-10,2025-06-11,2025-06-12,25100.0,0,235.55,157.95,77.6,75.9379,75
2025-06-11,2025-06-12,2025-06-12,25150.0,0,161.55,99.25,62.3,60.7687,75
2025-06-12,2025-06-13,2025-06-19,25150.0,1,343.35,588.85,-245.5,-247.5061,75
2025-06-13,2025-06-16,2025-06-19,24650.0,0,393.4,321.45,71.95,69.992,75
2025-06-16,2025-06-17,2025-06-19,24800.0,0,289.35,261.0,28.35,26.566,75
2025-06-17,2025-06-18,2025-06-19,24900.0,0,251.7,122.15,129.55,127.881,75
2025-06-18,2025-06-19,2025-06-19,24900.0,0,195.4,122.15,73.25,71.6606,75
2025-06-19,2025-06-20,2025-06-26,24800.0,1,376.7,329.9,46.8,44.8618,75
2025-06-20,2025-06-23,2025-06-26,24850.0,0,320.2,297.75,22.45,20.606,75
2025-06-23,2025-06-24,2025-06-26,24900.0,0,288.2,377.2,-89.0,-90.834,75
2025-06-24,2025-06-25,2025-06-26,25200.0,0,233.15,172.9,60.25,58.5847,75
2025-06-25,2025-06-26,2025-06-26,25150.0,0,175.35,254.75,-79.4,-81.02,75
2025-06-26,2025-06-27,2025-07-03,25350.0,1,373.2,390.35,-17.15,-19.1101,75
2025-06-27,2025-06-30,2025-07-03,25550.0,0,337.9,149.2,188.7,186.897,75
2025-06-30,2025-07-01,2025-07-03,25650.0,0,270.75,235.85,34.9,33.1535,75
2025-07-01,2025-07-02,2025-07-03,25550.0,0,230.7,149.2,81.5,79.8487,75
2025-07-02,2025-07-03,2025-07-03,25550.0,0,158.8,149.2,9.6,8.0504,75
2025-07-03,2025-07-04,2025-07-10,25450.0,1,330.6,212.05,118.55,116.7294,75
2025-07-04,2025-07-07,2025-07-10,25400.0,0,298.8,242.25,56.55,54.761,75
2025-07-07,2025-07-08,2025-07-10,25450.0,0,242.1,212.05,30.05,28.3546,75
2025-07-08,2025-07-09,2025-07-10,25500.0,0,203.45,102.2,101.25,99.6581,75
2025-07-09,2025-07-10,2025-07-10,25500.0,0,141.6,102.2,39.4,37.8956,75
2025-07-10,2025-07-11,2025-07-17,25450.0,1,300.15,274.65,25.5,23.6947,75
2025-07-11,2025-07-14,2025-07-17,25300.0,0,259.7,294.65,-34.95,-36.707,75
2025-07-14,2025-07-15,2025-07-17,25050.0,0,227.8,204.8,23.0,21.3281,75
2025-07-15,2025-07-16,2025-07-17,25150.0,0,181.25,88.05,93.2,91.6458,75
2025-07-16,2025-07-17,2025-07-17,25150.0,0,133.9,88.05,45.85,44.3628,75
2025-07-17,2025-07-18,2025-07-24,25200.0,1,264.05,261.0,3.05,1.3018,75
2025-07-18,2025-07-21,2025-07-24,25050.0,0,257.4,241.75,15.65,13.9198,75
2025-07-21,2025-07-22,2025-07-24,24900.0,0,218.55,271.5,-52.95,-54.6385,75
2025-07-22,2025-07-23,2025-07-24,25100.0,0,166.75,113.4,53.35,51.805,75
2025-07-23,2025-07-24,2025-07-24,25100.0,0,125.35,113.4,11.95,10.4636,75
2025-07-24,2025-07-25,2025-07-31,25200.0,1,247.7,300.5,-52.8,-54.5426,75
2025-07-25,2025-07-28,2025-07-31,25000.0,0,257.9,272.3,-14.4,-16.1445,75
2025-07-28,2025-07-29,2025-07-31,24800.0,0,225.8,213.3,12.5,10.8271,75
2025-07-29,2025-07-30,2025-07-31,24700.0,0,204.8,195.8,9.0,7.3646,75
2025-07-30,2025-07-31,2025-07-31,24850.0,0,143.25,179.45,-36.2,-37.7411,75
2025-07-31,2025-08-01,2025-08-07,24700.0,1,328.6,268.3,60.3,58.4572,75
2025-08-01,2025-08-04,2025-08-07,24700.0,0,304.3,268.3,36.0,34.1916,75
2025-08-04,2025-08-05,2025-08-07,24650.0,0,269.05,148.1,120.95,119.2449,75
2025-08-05,2025-08-06,2025-08-07,24650.0,0,215.4,148.1,67.3,65.6708,75
2025-08-06,2025-08-07,2025-08-07,24650.0,0,178.45,148.1,30.35,28.7731,75
2025-08-07,2025-08-08,2025-08-14,24550.0,1,294.1,128.55,165.55,163.8182,75
2025-08-08,2025-08-11,2025-08-14,24500.0,0,273.8,257.5,16.3,14.5396,75
2025-08-11,2025-08-12,2025-08-14,24400.0,0,246.6,279.25,-32.65,-34.3816,75
2025-08-12,2025-08-13,2025-08-14,24600.0,0,191.15,152.85,38.3,36.703,75
2025-08-13,2025-08-14,2025-08-14,24550.0,0,156.15,128.55,27.6,26.0633,75
2025-08-14,2025-08-18,2025-08-21,24650.0,1,288.45,414.4,-125.95,-127.8009,75
2025-08-18,2025-08-19,2025-08-21,24950.0,0,264.5,141.45,123.05,121.3543,75
2025-08-19,2025-08-20,2025-08-21,24900.0,0,189.25,143.0,46.25,44.6601,75
2025-08-20,2025-08-21,2025-08-21,24950.0,0,137.9,141.45,-3.55,-5.0666,75
2025-08-21,2025-08-22,2025-08-28,25050.0,1,272.65,239.6,33.05,31.2992,75
2025-08-22,2025-08-25,2025-08-28,25000.0,0,235.7,185.95,49.75,48.0753,75
2025-08-25,2025-08-26,2025-08-28,24950.0,0,185.05,206.65,-21.6,-23.2123,75
2025-08-26,2025-08-28,2025-08-28,24800.0,0,157.15,272.55,-115.4,-117.0021,75
2025-08-28,2025-08-29,2025-09-02,24550.0,1,255.35,134.1,121.25,119.5705,75
2025-08-29,2025-09-01,2025-09-02,24550.0,0,212.95,134.1,78.85,77.2305,75
2025-09-01,2025-09-02,2025-09-02,24550.0,0,134.2,134.1,0.1,-1.4081,75
2025-09-02,2025-09-03,2025-09-09,24650.0,1,265.15,247.8,17.35,15.6061,75
2025-09-03,2025-09-04,2025-09-09,24600.0,0,249.5,371.1,-121.6,-123.3766,75
2025-09-04,2025-09-05,2025-09-09,24900.0,0,210.1,184.15,25.95,24.3123,75
2025-09-05,2025-09-08,2025-09-09,24800.0,0,172.8,110.15,62.65,61.0979,75
2025-09-08,2025-09-09,2025-09-09,24800.0,0,133.15,110.15,23.0,21.504,75
2025-09-09,2025-09-10,2025-09-16,24850.0,1,271.0,274.6,-3.6,-5.3641,75
2025-09-10,2025-09-11,2025-09-16,25000.0,0,232.8,180.85,51.95,50.2816,75
2025-09-11,2025-09-12,2025-09-16,25000.0,0,203.2,180.85,22.35,20.7235,75
2025-09-12,2025-09-15,2025-09-16,25050.0,0,167.7,137.2,30.5,28.9431,75
2025-09-15,2025-09-16,2025-09-16,25100.0,0,122.35,73.55,48.8,47.3356,75
2025-09-16,2025-09-17,2025-09-23,25100.0,1,259.05,316.7,-57.65,-59.4159,75
2025-09-17,2025-09-18,2025-09-23,25300.0,0,223.5,134.5,89.0,87.3654,75
2025-09-18,2025-09-19,2025-09-23,25400.0,0,187.0,149.45,37.55,35.9604,75
2025-09-19,2025-09-22,2025-09-23,25350.0,0,150.6,120.8,29.8,28.2746,75
2025-09-22,2025-09-23,2025-09-23,25300.0,0,116.35,134.5,-18.15,-19.633,75
2025-09-23,2025-09-24,2025-09-30,25200.0,1,263.65,243.5,20.15,18.4101,75
2025-09-24,2025-09-25,2025-09-30,25050.0,0,239.75,263.1,-23.35,-25.0648,75
2025-09-25,2025-09-26,2025-09-30,25050.0,0,202.25,263.1,-60.85,-62.5117,75
2025-09-26,2025-09-29,2025-09-30,24800.0,0,182.15,141.35,40.8,39.2208,75
2025-09-29,2025-09-30,2025-09-30,24700.0,0,155.7,110.0,45.7,44.1722,75
2025-09-30,2025-10-01,2025-10-07,24650.0,1,306.85,218.65,88.2,86.4101,75
2025-10-01,2025-10-03,2025-10-07,24650.0,0,241.45,218.65,22.8,21.1026,75
2025-10-03,2025-10-06,2025-10-07,24800.0,0,168.15,150.95,17.2,15.6364,75
2025-10-06,2025-10-07,2025-10-07,24900.0,0,121.35,224.2,-102.85,-104.38,75
2025-10-07,2025-10-08,2025-10-14,25100.0,1,255.7,233.0,22.7,20.9761,75
2025-10-08,2025-10-09,2025-10-14,25200.0,0,214.95,133.95,81.0,79.3777,75
2025-10-09,2025-10-10,2025-10-14,25100.0,0,200.3,233.0,-32.7,-34.3456,75
2025-10-10,2025-10-13,2025-10-14,25250.0,0,168.4,162.05,6.35,4.7811,75
2025-10-13,2025-10-14,2025-10-14,25200.0,0,157.25,133.95,23.3,21.7594,75
2025-10-14,2025-10-15,2025-10-20,25300.0,1,264.5,230.9,33.6,31.8645,75
2025-10-15,2025-10-16,2025-10-20,25250.0,0,239.65,291.0,-51.35,-53.077,75
2025-10-16,2025-10-17,2025-10-20,25400.0,0,206.65,276.55,-69.9,-71.5739,75
2025-10-17,2025-10-20,2025-10-20,25600.0,0,181.85,291.1,-109.25,-110.8953,75
2025-10-20,2025-10-23,2025-10-28,25900.0,1,307.0,164.7,142.3,140.5339,75
2025-10-23,2025-10-24,2025-10-28,26050.0,0,269.65,231.45,38.2,36.457,75
2025-10-24,2025-10-27,2025-10-28,25900.0,0,226.5,164.7,61.8,60.1477,75
2025-10-27,2025-10-28,2025-10-28,25900.0,0,166.25,164.7,1.55,-0.017,75
2025-10-28,2025-10-29,2025-11-04,26000.0,1,374.65,230.6,144.05,142.1589,75
2025-10-29,2025-10-30,2025-11-04,26000.0,0,319.65,230.6,89.05,87.2367,75
2025-10-30,2025-10-31,2025-11-04,26000.0,0,261.55,230.6,30.95,29.2189,75
2025-10-31,2025-11-03,2025-11-04,25900.0,0,236.0,256.15,-20.15,-21.8564,75
2025-11-03,2025-11-04,2025-11-04,25700.0,0,181.2,113.75,67.45,65.8845,75
2025-11-04,2025-11-06,2025-11-11,25750.0,1,324.0,256.45,67.55,65.719,75
2025-11-06,2025-11-07,2025-11-11,25650.0,0,252.05,326.7,-74.65,-76.4104,75
2025-11-07,2025-11-10,2025-11-11,25350.0,0,206.7,256.9,-50.2,-51.8653,75
2025-11-10,2025-11-11,2025-11-11,25550.0,0,158.1,108.35,49.75,48.2195,75
2025-11-11,2025-11-12,2025-11-18,25550.0,1,340.2,411.3,-71.1,-73.0227,75
2025-11-12,2025-11-13,2025-11-18,25800.0,0,299.2,246.05,53.15,51.3587,75
2025-11-13,2025-11-14,2025-11-18,25900.0,0,256.9,254.1,2.8,1.065,75
2025-11-14,2025-11-17,2025-11-18,25800.0,0,262.9,246.05,16.85,15.1101,75
2025-11-17,2025-11-18,2025-11-18,25950.0,0,169.3,108.0,61.3,59.7538,75
2025-11-18,2025-11-19,2025-11-25,25950.0,1,340.25,294.75,45.5,43.629,75
2025-11-19,2025-11-20,2025-11-25,25900.0,0,299.1,332.05,-32.95,-34.7794,75
2025-11-20,2025-11-21,2025-11-25,26100.0,0,261.35,173.35,88.0,86.2946,75
2025-11-21,2025-11-24,2025-11-25,26150.0,0,230.65,158.0,72.65,70.9948,75
2025-11-24,2025-11-25,2025-11-25,26100.0,0,166.0,173.35,-7.35,-8.9205,75
2025-11-25,2025-11-26,2025-12-02,25950.0,1,332.8,279.05,53.75,51.8965,75
2025-11-26,2025-11-27,2025-12-02,26000.0,0,268.8,375.55,-106.75,-108.5558,75
2025-11-27,2025-11-28,2025-12-02,26300.0,0,241.45,189.05,52.4,50.7158,75
2025-11-28,2025-12-01,2025-12-02,26250.0,0,204.25,165.5,38.75,37.1288,75
2025-12-01,2025-12-02,2025-12-02,26300.0,0,153.1,189.05,-35.95,-37.5093,75
2025-12-02,2025-12-03,2025-12-09,26150.0,1,304.45,370.3,-65.85,-67.7039,75
2025-12-03,2025-12-04,2025-12-09,25950.0,0,275.75,242.35,33.4,31.6435,75
2025-12-04,2025-12-05,2025-12-09,26000.0,0,235.6,210.1,25.5,23.8147,75
2025-12-05,2025-12-08,2025-12-09,26050.0,0,204.85,173.8,31.05,29.4243,75
2025-12-08,2025-12-09,2025-12-09,26150.0,0,145.15,370.3,-225.15,-226.7786,75
2025-12-09,2025-12-10,2025-12-16,25800.0,1,311.7,294.9,16.8,14.9693,75
2025-12-10,2025-12-11,2025-12-16,25900.0,0,260.4,98.6,161.8,160.1292,75
2025-12-11,2025-12-12,2025-12-16,25800.0,0,239.9,294.9,-55.0,-56.7291,75
2025-12-12,2025-12-15,2025-12-16,26000.0,0,193.4,164.4,29.0,27.3947,75
2025-12-15,2025-12-16,2025-12-16,25900.0,0,158.4,98.6,59.8,58.2734,75
2025-12-16,2025-12-17,2025-12-23,25900.0,1,287.1,225.6,61.5,59.7349,75
2025-12-17,2025-12-18,2025-12-23,25900.0,0,251.15,225.6,25.55,23.8358,75
2025-12-18,2025-12-19,2025-12-23,25800.0,0,217.15,245.75,-28.6,-30.2751,75
2025-12-19,2025-12-22,2025-12-23,25950.0,0,185.5,213.85,-28.35,-29.9661,75
2025-12-22,2025-12-23,2025-12-23,26150.0,0,133.1,84.4,48.7,47.2155,75
2025-12-23,2025-12-24,2025-12-30,26150.0,1,258.45,127.2,131.25,129.5692,75
2025-12-24,2025-12-26,2025-12-30,26200.0,0,209.85,158.35,51.5,49.8741,75
2025-12-26,2025-12-29,2025-12-30,26150.0,0,149.8,127.2,22.6,21.0729,75
2025-12-29,2025-12-30,2025-12-30,26050.0,0,109.4,173.09,-63.69,-65.1804,75
2025-12-30,2025-12-31,2026-01-06,25900.0,1,244.45,256.9,-12.45,-14.3623,65
2025-12-31,2026-01-01,2026-01-06,26000.0,0,221.1,255.15,-34.05,-35.9285,65
2026-01-01,2026-01-02,2026-01-06,26200.0,0,177.6,153.4,24.2,22.4283,65
2026-01-02,2026-01-05,2026-01-06,26200.0,0,148.15,153.4,-5.25,-6.9801,65
2026-01-05,2026-01-06,2026-01-06,26300.0,0,122.4,135.6,-13.2,-14.8857,65
2026-01-06,2026-01-07,2026-01-13,26150.0,1,269.9,211.4,58.5,56.5719,65
2026-01-07,2026-01-08,2026-01-13,26100.0,0,215.94,181.25,34.69,32.8517,65
2026-01-08,2026-01-09,2026-01-13,26050.0,0,183.7,218.1,-34.4,-36.2091,65
2026-01-09,2026-01-12,2026-01-13,25850.0,0,189.1,283.0,-93.9,-95.7456,65
2026-01-12,2026-01-13,2026-01-13,25550.0,0,173.99,234.4,-60.41,-62.2126,65
2026-01-13,2026-01-14,2026-01-20,25750.0,1,326.95,247.85,79.1,77.075,65
2026-01-14,2026-01-16,2026-01-20,25750.0,0,271.1,247.85,23.25,21.304,65
2026-01-16,2026-01-19,2026-01-20,25750.0,0,219.25,247.85,-28.6,-30.4726,65
2026-01-19,2026-01-20,2026-01-20,25550.0,0,171.3,127.25,44.05,42.2988,65
2026-01-20,2026-01-21,2026-01-27,25500.0,1,308.5,338.35,-29.85,-31.8891,65
2026-01-21,2026-01-22,2026-01-27,25200.0,0,315.65,338.65,-23.0,-25.0493,65
2026-01-22,2026-01-23,2026-01-27,25400.0,0,268.4,236.0,32.4,30.4631,65
2026-01-23,2026-01-27,2026-01-27,25350.0,0,235.5,402.05,-166.55,-168.5142,65
2026-01-27,2026-01-28,2026-02-03,24950.0,1,606.65,627.55,-20.9,-23.4894,65
2026-01-28,2026-01-29,2026-02-03,25350.0,0,479.25,401.35,77.9,75.5914,65
2026-01-29,2026-01-30,2026-02-03,25250.0,0,401.95,451.9,-49.95,-52.1718,65
2026-01-30,2026-02-02,2026-02-03,25250.0,0,393.85,451.9,-58.05,-60.2603,65
2026-02-02,2026-02-03,2026-02-03,24850.0,0,333.7,933.3,-599.6,-601.9392,65
2026-02-03,2026-02-04,2026-02-10,25800.0,1,532.95,143.35,389.6,387.3301,65
2026-02-04,2026-02-05,2026-02-10,25750.0,0,356.9,292.8,64.1,62.0127,65
2026-02-05,2026-02-06,2026-02-10,25700.0,0,292.35,255.75,36.6,34.6205,65
2026-02-06,2026-02-09,2026-02-10,25550.0,0,241.4,319.5,-78.1,-80.0358,65
2026-02-09,2026-02-10,2026-02-10,25800.0,0,171.65,143.35,28.3,26.5412,65
2026-02-10,2026-02-11,2026-02-17,25900.0,1,301.6,269.3,32.3,30.3014,65
2026-02-11,2026-02-12,2026-02-17,26000.0,0,246.8,260.15,-13.35,-15.2671,65
2026-02-12,2026-02-13,2026-02-17,25850.0,0,236.55,309.9,-73.35,-75.2747,65
2026-02-13,2026-02-16,2026-02-17,25600.0,0,206.85,189.0,17.85,16.0211,65
2026-02-16,2026-02-17,2026-02-17,25450.0,0,176.15,156.2,19.95,18.1791,65
2026-02-17,2026-02-18,2026-02-24,25600.0,1,331.65,299.55,32.1,30.0454,65
2026-02-18,2026-02-19,2026-02-24,25750.0,0,268.9,229.1,39.8,37.8655,65
2026-02-19,2026-02-20,2026-02-24,25800.0,0,233.75,408.7,-174.95,-176.9146,65
2026-02-20,2026-02-23,2026-02-24,25400.0,0,268.0,416.1,-148.1,-150.1164,65
2026-02-23,2026-02-24,2026-02-24,25750.0,0,204.1,229.1,-25.0,-26.8429,65
2026-02-24,2026-02-25,2026-03-02,25550.0,1,372.3,295.9,76.4,74.2895,65
2026-02-25,2026-02-26,2026-03-02,25600.0,0,287.7,265.2,22.5,20.5228,65
2026-02-26,2026-02-27,2026-03-02,25500.0,0,268.2,242.05,26.15,24.2107,65
2026-02-27,2026-03-02,2026-03-02,25350.0,0,229.4,430.5,-201.1,-203.0682,65
2026-03-02,2026-03-04,2026-03-10,24900.0,1,541.75,719.05,-177.3,-179.8383,65
2026-03-04,2026-03-05,2026-03-10,24350.0,0,633.4,543.3,90.1,87.5102,65
2026-03-05,2026-03-06,2026-03-10,24550.0,0,485.3,449.6,35.7,33.3614,65
2026-03-06,2026-03-09,2026-03-10,24700.0,0,426.7,938.1,-511.4,-513.8729,65
2026-03-09,2026-03-10,2026-03-10,23750.0,0,464.2,404.65,59.55,57.2612,65
2026-03-10,2026-03-11,2026-03-17,24150.0,1,644.6,514.7,129.9,127.3071,65
2026-03-11,2026-03-12,2026-03-17,24250.0,0,494.9,744.6,-249.7,-252.1834,65
2026-03-12,2026-03-13,2026-03-17,23600.0,0,559.05,461.6,97.45,95.0017,65
2026-03-13,2026-03-16,2026-03-17,23450.0,0,462.9,394.7,68.2,65.9174,65
2026-03-16,2026-03-17,2026-03-17,23150.0,0,354.55,248.05,106.5,104.4359,65
2026-03-17,2026-03-18,2026-03-24,23400.0,1,608.8,557.75,51.05,48.4886,65
2026-03-18,2026-03-19,2026-03-24,23700.0,0,441.05,546.8,-105.75,-108.0693,65
2026-03-19,2026-03-20,2026-03-24,23300.0,0,456.85,654.9,-198.05,-200.4397,65
2026-03-20,2026-03-23,2026-03-24,23300.0,0,477.9,654.9,-177.0,-179.4194,65
2026-03-23,2026-03-24,2026-03-24,22700.0,0,438.9,243.25,195.65,193.4687,65
2026-03-24,2026-03-25,2026-03-30,22850.0,1,693.05,699.85,-6.8,-9.5438,65
2026-03-25,2026-03-27,2026-03-30,23200.0,0,594.8,506.0,88.8,86.2814,65
2026-03-27,2026-03-30,2026-03-30,23050.0,0,506.3,494.75,11.55,9.1616,65
2026-03-30,2026-04-01,2026-04-07,22600.0,1,921.8,328.05,593.75,590.8479,65
2026-04-01,2026-04-02,2026-04-07,22950.0,0,621.65,812.2,-190.55,-193.2427,65
2026-04-02,2026-04-06,2026-04-07,22250.0,0,608.5,541.5,67.0,64.4462,65
2026-04-06,2026-04-07,2026-04-07,22600.0,0,436.05,328.05,108.0,105.7851,65
2026-04-07,2026-04-08,2026-04-13,22900.0,1,730.05,1055.2,-325.15,-328.1041,65
2026-04-08,2026-04-09,2026-04-13,23900.0,0,479.05,409.3,69.75,67.4381,65
2026-04-09,2026-04-10,2026-04-13,24000.0,0,402.55,320.35,82.2,80.0359,65
2026-04-10,2026-04-13,2026-04-13,23950.0,0,319.2,376.3,-57.1,-59.1711,65
2026-04-13,2026-04-15,2026-04-21,23600.0,1,635.75,729.0,-93.25,-95.9257,65
2026-04-15,2026-04-16,2026-04-21,24200.0,0,455.8,417.8,38.0,35.7172,65
2026-04-16,2026-04-17,2026-04-21,24400.0,0,378.25,135.25,243.0,240.9525,65
2026-04-17,2026-04-20,2026-04-21,24250.0,0,348.65,295.1,53.55,51.4733,65
2026-04-20,2026-04-21,2026-04-21,24400.0,0,275.8,135.25,140.55,138.6474,65
2026-04-21,2026-04-22,2026-04-28,24450.0,1,527.45,457.9,69.55,67.148,65
2026-04-22,2026-04-23,2026-04-28,24450.0,0,465.7,457.9,7.8,5.4854,65
2026-04-23,2026-04-24,2026-04-28,24250.0,0,417.15,374.65,42.5,40.2911,65
2026-04-24,2026-04-27,2026-04-28,24050.0,0,342.4,124.8,217.6,215.6079,65
2026-04-27,2026-04-28,2026-04-28,24050.0,0,229.95,124.8,105.15,103.3169,65
2026-04-28,2026-04-29,2026-05-05,24100.0,1,469.05,410.5,58.55,56.2517,65
2026-04-29,2026-04-30,2026-05-05,24100.0,0,380.25,410.5,-30.25,-32.4227,65
2026-04-30,2026-05-04,2026-05-05,23850.0,0,372.4,460.2,-87.8,-89.9837,65
2026-05-04,2026-05-05,2026-05-05,24200.0,0,257.35,211.25,46.1,44.1898,65
2026-05-05,2026-05-06,2026-05-12,24000.0,1,490.5,439.1,51.4,49.0587,65
2026-05-06,2026-05-07,2026-05-12,24150.0,0,397.3,407.6,-10.3,-12.4955,65
2026-05-07,2026-05-08,2026-05-12,24350.0,0,366.0,346.2,19.8,17.6761,65
2026-05-08,2026-05-11,2026-05-12,24250.0,0,336.95,355.85,-18.9,-20.9871,65
2026-05-11,2026-05-12,2026-05-12,23950.0,0,248.05,318.5,-70.45,-72.3948,65
2026-05-12,2026-05-13,2026-05-19,23650.0,1,481.7,493.25,-11.55,-13.903,65
2026-05-13,2026-05-14,2026-05-19,23350.0,0,470.8,403.55,67.25,64.9523,65
2026-05-14,2026-05-15,2026-05-19,23600.0,0,391.65,381.7,9.95,7.774,65
2026-05-15,2026-05-18,2026-05-19,23800.0,0,348.4,453.1,-104.7,-106.8465,65
2026-05-18,2026-05-19,2026-05-19,23350.0,0,274.2,403.55,-129.35,-131.3696,65
2026-05-19,2026-05-20,2026-05-26,23750.0,1,485.15,296.3,188.85,186.5797,65
2026-05-20,2026-05-21,2026-05-26,23500.0,0,453.0,444.05,8.95,6.6595,65
2026-05-21,2026-05-22,2026-05-26,23750.0,0,371.8,296.3,75.5,73.3901,65
2026-05-22,2026-05-25,2026-05-26,23750.0,0,317.45,296.3,21.15,19.1169,65
2026-05-25,2026-05-26,2026-05-26,24000.0,0,215.6,114.75,100.85,99.0417,65
2026-05-26,2026-05-27,2026-06-02,24050.0,1,388.2,350.4,37.8,35.6428,65
2026-05-27,2026-05-29,2026-06-02,23900.0,0,336.6,315.9,20.7,18.6311,65
2026-05-29,2026-06-01,2026-06-02,23900.0,0,286.4,315.9,-29.5,-31.4979,65
2026-06-01,2026-06-02,2026-06-02,23600.0,0,221.4,324.65,-103.25,-105.1598,65
2026-06-02,2026-06-03,2026-06-09,23300.0,1,409.7,369.85,39.85,37.6537,65
2026-06-03,2026-06-04,2026-06-09,23300.0,0,404.6,369.85,34.75,32.561,65
2026-06-04,2026-06-05,2026-06-09,23350.0,0,362.85,345.95,16.9,14.7806,65
2026-06-05,2026-06-08,2026-06-09,23450.0,0,320.8,336.3,-15.5,-17.5556,65
2026-06-08,2026-06-09,2026-06-09,23150.0,0,248.95,134.15,114.8,112.9359,65
2026-06-09,2026-06-10,2026-06-16,23200.0,1,409.3,400.05,9.25,7.0409,65
2026-06-10,2026-06-11,2026-06-16,23350.0,0,376.9,382.8,-5.9,-8.0556,65
2026-06-11,2026-06-12,2026-06-16,23100.0,0,331.45,399.5,-68.05,-70.1487,65
2026-06-12,2026-06-15,2026-06-16,23400.0,0,277.85,543.35,-265.5,-267.5869,65
2026-06-15,2026-06-16,2026-06-16,23950.0,0,204.2,103.55,100.65,98.8628,65
2026-06-16,2026-06-17,2026-06-23,23950.0,1,356.05,227.6,128.45,126.3929,65
2026-06-17,2026-06-18,2026-06-23,24000.0,0,325.4,273.1,52.3,50.266,65
2026-06-18,2026-06-19,2026-06-23,24100.0,0,265.05,284.45,-19.4,-21.3537,65
2026-06-19,2026-06-22,2026-06-23,23950.0,0,254.85,227.6,27.25,25.336,65
2026-06-22,2026-06-23,2026-06-23,24150.0,0,167.4,90.25,77.15,75.4208,65
2026-06-23,2026-06-24,2026-06-30,24100.0,1,285.7,347.25,-61.55,-63.5608,65
2026-06-24,2026-06-25,2026-06-30,23900.0,0,304.55,324.25,-19.7,-21.7272,65
2026-06-25,2026-06-29,2026-06-30,24150.0,0,232.5,194.95,37.55,35.6822,65
2026-06-29,2026-06-30,2026-06-30,24050.0,0,183.1,191.35,-8.25,-10.0464,65
2026-06-30,2026-07-01,2026-07-07,23900.0,1,372.7,338.15,34.55,32.4202,65
2026-07-01,2026-07-02,2026-07-07,23900.0,0,333.2,338.15,-4.95,-7.0239,65
2026-07-02,2026-07-03,2026-07-07,24100.0,0,262.15,314.15,-52.0,-53.9628,65
2026-07-03,2026-07-06,2026-07-07,24350.0,0,205.8,118.75,87.05,85.2538,65
2026-07-06,2026-07-07,2026-07-07,24350.0,0,145.4,118.75,26.65,24.9392,65
2026-07-07,2026-07-08,2026-07-14,24450.0,1,286.45,360.0,-73.55,-75.5675,65
2026-07-08,2026-07-09,2026-07-14,24250.0,0,299.0,347.3,-48.3,-50.3296,65
2026-07-09,2026-07-10,2026-07-14,24000.0,0,304.8,285.35,19.45,17.4397,65
2026-07-10,2026-07-13,2026-07-14,24150.0,0,236.3,209.05,27.25,25.3705,65
2026-07-13,2026-07-14,2026-07-14,24050.0,0,176.8,138.9,37.9,36.1359,65
2026-07-14,2026-07-15,2026-07-21,24150.0,1,382.3,260.8,121.5,119.391,65
2026-07-15,2026-07-16,2026-07-21,24200.0,0,324.5,98.75,225.75,223.7948,65
2026-07-16,2026-07-17,2026-07-21,24150.0,0,270.55,260.8,9.75,7.7991,65
2026-07-17,2026-07-20,2026-07-21,24200.0,0,258.95,98.75,160.2,158.3375,65
2026-07-20,2026-07-21,2026-07-21,24200.0,0,189.7,98.75,90.95,89.1855,65
2026-07-21,2026-07-22,2026-07-28,24250.0,1,334.0,356.4,-22.4,-24.4832,65
2026-07-22,2026-07-23,2026-07-28,24050.0,0,318.05,296.7,21.35,19.3159,65
2026-07-23,2026-07-24,2026-07-28,23900.0,0,278.75,292.95,-14.2,-16.1768,65
2026-07-24,2026-07-27,2026-07-28,23700.0,0,257.05,284.95,-27.9,-29.8426,65
2026-07-27,2026-07-28,2026-07-28,23950.0,0,159.1,102.95,56.15,54.4269,65
2026-07-28,2026-07-29,2026-08-04,24000.0,1,307.0,331.1,-24.1,-26.1338,65
2026-07-29,2026-07-30,2026-08-04,24200.0,0,277.55,244.35,33.2,31.2465,65
2026-07-30,2026-07-31,2026-08-04,24250.0,0,238.2,216.5,21.7,19.8145,65
2026-07-31,2026-08-03,2026-08-04,24350.0,0,197.05,237.7,-40.65,-42.4867,65
2026-08-03,2026-08-04,2026-08-04,24550.0,0,129.99,101.0,28.99,27.3089,65
2026-08-04,2026-08-05,2026-08-11,24600.0,1,283.63,191.1,92.53,90.5915,65
2026-08-05,2026-08-06,2026-08-11,24600.0,0,279.15,191.1,88.05,86.1179,65
2026-08-06,2026-08-07,2026-08-11,24650.0,0,266.35,262.65,3.7,1.7542,65
2026-08-07,2026-08-10,2026-08-11,24600.0,0,262.65,191.1,71.55,69.6412,65
2026-08-10,2026-08-11,2026-08-11,24550.0,0,194.05,146.05,48.0,46.2083,65
2026-08-11,2026-08-12,2026-08-18,24500.0,1,323.1,266.15,56.95,54.9223,65
2026-08-12,2026-08-13,2026-08-18,24450.0,0,273.5,238.65,34.85,32.9047,65
2026-08-13,2026-08-14,2026-08-18,24350.0,0,231.45,191.95,39.5,37.635,65
2026-08-14,2026-08-17,2026-08-18,24300.0,0,197.2,98.65,98.55,96.7749,65
2026-08-17,2026-08-18,2026-08-18,24300.0,0,130.55,98.65,31.9,30.2192,65
2026-08-18,2026-08-19,2026-08-25,24250.0,1,269.45,137.9,131.55,129.6552,65
2026-08-19,2026-08-20,2026-08-25,24100.0,0,256.4,239.65,16.75,14.8285,65
2026-08-20,2026-08-21,2026-08-25,24200.0,0,209.4,189.8,19.6,17.7671,65
2026-08-21,2026-08-24,2026-08-25,24250.0,0,178.9,137.9,41.0,39.2333,65
2026-08-24,2026-08-25,2026-08-25,24300.0,0,120.25,122.15,-1.9,-3.5767,65
2026-08-25,2026-08-26,2026-09-01,24200.0,1,261.75,193.25,68.5,66.5915,65
2026-08-26,2026-08-27,2026-09-01,24350.0,0,229.3,219.9,9.4,7.5256,65
2026-08-27,2026-08-28,2026-09-01,24200.0,0,214.55,193.25,21.3,19.4583,65
2026-08-28,2026-08-31,2026-09-01,24150.0,0,203.95,167.35,36.6,34.7848,65
2026-08-31,2026-09-01,2026-09-01,24050.0,0,147.4,88.6,58.8,57.0998,65
2026-09-01,2026-09-02,2026-09-08,24050.0,1,274.0,314.95,-40.95,-42.9299,65
2026-09-02,2026-09-03,2026-09-08,23800.0,0,294.7,301.05,-6.35,-8.353,65
2026-09-03,2026-09-04,2026-09-08,24000.0,0,219.35,206.6,12.75,10.8956,65
2026-09-04,2026-09-07,2026-09-08,23900.0,0,210.25,152.3,57.95,56.1326,65
2026-09-07,2026-09-08,2026-09-08,23850.0,0,145.79,181.0,-35.21,-36.949,65
2026-09-08,2026-09-09,2026-09-15,23650.0,1,280.2,269.2,11.0,9.0317,65
2026-09-09,2026-09-10,2026-09-15,23500.0,0,270.25,227.8,42.45,40.5141,65
2026-09-10,2026-09-11,2026-09-15,23450.0,0,230.05,260.25,-30.2,-32.0934,65
2026-09-11,2026-09-15,2026-09-15,23250.0,0,209.35,230.45,-21.1,-22.9509,65
2026-09-15,2026-09-16,2026-09-22,23450.0,1,312.45,367.25,-54.8,-56.8575,65
2026-09-16,2026-09-17,2026-09-22,23200.0,0,330.8,276.9,53.9,51.8567,65
2026-09-17,2026-09-18,2026-09-22,23250.0,0,265.2,233.5,31.7,29.7688,65
2026-09-18,2026-09-21,2026-09-22,23300.0,0,224.5,176.5,48.0,46.1517,65
2026-09-21,2026-09-22,2026-09-22,23400.0,0,149.55,106.0,43.55,41.839,65
2026-09-22,2026-09-23,2026-09-29,23450.0,1,260.35,241.2,19.15,17.2222,65
