strategy,basis,period,from,to,days,traded,net,avg_day,median_day,win_pct,worst_day,max_dd,t
S1,"fric (spread 0.10/fill, STT 0.15% from 2026-04-01)",all,2024-10-03,2026-09-18,479,479,659121.44,1376.04,3148.25,65.6,-89614.31,116075.59,2.4
S1,"fric (spread 0.10/fill, STT 0.15% from 2026-04-01)",train,2024-10-03,2025-12-08,287,287,403715.03,1406.67,3213.17,63.1,-89614.31,116075.59,1.77
S1,"fric (spread 0.10/fill, STT 0.15% from 2026-04-01)",validation,2025-12-09,2026-09-18,192,192,255406.41,1330.24,2948.97,69.3,-42668.98,90059.46,1.67
S1,"project (no spread, STT 0.10%)",all,2024-10-03,2026-09-18,479,479,699363.16,1460.05,3226.25,66.0,-89536.31,114515.59,2.55
S1,"project (no spread, STT 0.10%)",train,2024-10-03,2025-12-08,287,287,426101.03,1484.67,3291.17,63.8,-89536.31,114515.59,1.87
S1,"project (no spread, STT 0.10%)",validation,2025-12-09,2026-09-18,192,192,273262.13,1423.24,3051.78,69.3,-42590.98,89591.46,1.78
S2,"fric (spread 0.10/fill, STT 0.15% from 2026-04-01)",all,2024-10-03,2026-09-18,478,478,121205.24,253.57,532.31,56.9,-16220.26,97185.83,1.08
S2,"fric (spread 0.10/fill, STT 0.15% from 2026-04-01)",train,2024-10-03,2025-12-08,286,286,85298.98,298.25,453.93,54.9,-16220.26,50764.46,0.98
S2,"fric (spread 0.10/fill, STT 0.15% from 2026-04-01)",validation,2025-12-09,2026-09-18,192,192,35906.26,187.01,599.78,59.9,-14979.81,97185.83,0.51
S2,"project (no spread, STT 0.10%)",all,2024-10-03,2026-09-18,478,478,199495.19,417.35,697.24,59.2,-16064.26,84444.44,1.78
S2,"project (no spread, STT 0.10%)",train,2024-10-03,2025-12-08,286,286,129914.98,454.25,609.93,57.0,-16064.26,46552.46,1.49
S2,"project (no spread, STT 0.10%)",validation,2025-12-09,2026-09-18,192,192,69580.21,362.4,772.49,62.5,-14823.81,84444.44,0.99
S3,"fric (spread 0.10/fill, STT 0.15% from 2026-04-01)",all,2024-10-03,2026-09-18,478,478,349676.09,731.54,1927.53,61.5,-43619.99,102617.03,1.69
S3,"fric (spread 0.10/fill, STT 0.15% from 2026-04-01)",train,2024-10-03,2025-12-08,286,286,208599.03,729.37,1895.72,59.1,-43619.99,102617.03,1.23
S3,"fric (spread 0.10/fill, STT 0.15% from 2026-04-01)",validation,2025-12-09,2026-09-18,192,192,141077.06,734.78,1933.32,65.1,-28693.34,101427.07,1.17
S3,"project (no spread, STT 0.10%)",all,2024-10-03,2026-09-18,478,478,427345.62,894.03,2096.69,62.3,-43463.99,98405.03,2.06
S3,"project (no spread, STT 0.10%)",train,2024-10-03,2025-12-08,286,286,253215.03,885.37,2051.72,59.4,-43463.99,98405.03,1.5
S3,"project (no spread, STT 0.10%)",validation,2025-12-09,2026-09-18,192,192,174130.59,906.93,2115.18,66.7,-28518.21,88985.11,1.45
S4 (derived),fric,all,2024-10-03,2026-09-18,479,479,567193.43,1184.12,3108.2,64.7,-48218.38,106762.98,2.38
S4 (derived),fric,train,2024-10-03,2025-12-08,287,287,360713.08,1256.84,3130.72,62.0,-48218.38,99543.41,1.87
S4 (derived),fric,validation,2025-12-09,2026-09-18,192,192,206480.35,1075.42,2948.97,68.8,-42668.98,106762.98,1.47
