date,expiry_day,dow,gap_pct,move_0915_0930_pct,range_0915_0930,straddle,S1,S2,S3,worst_intraday_this_strategy,warning_before_0930
2025-01-02,1,Thu,0.1,-0.1,57.8,228.8,-41213.81,-16220.26,-43619.99,-44606.25,expiry
2024-11-28,1,Thu,-0.01,0.01,57.5,147.8,-46559.09,-10150.39,-32384.92,-32682.0,expiry
2024-10-03,1,Thu,-1.39,0.53,152.2,153.6,-38523.6,-9778.68,-32315.23,-32126.25,"gap_abs_pct>=p90, move_abs_pct>=p90, range_over_premium>=p90, expiry"
2025-05-12,0,Mon,1.59,0.72,218.3,285.3,-48218.38,-11766.07,-29087.1,-31531.5,"gap_abs_pct>=p90, move_abs_pct>=p90, range_pct>=p90"
2026-09-15,1,Tue,0.76,-0.47,140.8,114.6,-42666.2,-6064.14,-28693.34,-28431.0,"gap_abs_pct>=p90, move_abs_pct>=p90, range_over_premium>=p90, expiry"
2024-11-22,0,Fri,0.28,0.41,165.7,365.7,-34659.74,-9317.97,-27871.83,-34515.0,range_pct>=p90
2026-01-20,1,Tue,0.1,-0.36,100.9,117.9,-29271.35,-5820.8,-27850.42,-27600.3,expiry
2025-05-15,1,Thu,0.04,-0.34,122.1,129.7,-65066.23,-12249.36,-27447.5,-27600.3,"range_over_premium>=p90, expiry"
2026-05-12,1,Tue,-0.41,-0.35,124.5,130.4,-27573.76,-10868.12,-26243.62,-25818.0,"range_over_premium>=p90, expiry"
2025-04-17,1,Thu,-0.13,-0.39,108.0,92.9,-89614.31,-8453.68,-24218.93,-23916.75,"range_over_premium>=p90, expiry, premium<=p10"
2025-06-12,1,Thu,0.15,0.04,62.5,99.5,-31958.83,-8418.54,-23462.54,-23244.0,"expiry, premium<=p10"
2026-02-19,0,Thu,0.26,-0.21,74.1,233.8,-42668.98,-10777.16,-23458.02,-24228.75,none
2026-07-08,0,Wed,-0.39,-0.08,65.3,299.0,-36917.96,-7569.58,-21395.79,-23877.75,none
2024-10-17,1,Thu,0.27,-0.35,106.4,108.8,-17935.49,-6624.43,-21014.75,-20689.5,"range_over_premium>=p90, expiry"
2025-01-06,0,Mon,0.23,-0.04,73.5,310.2,-38814.47,-6688.69,-20837.8,-26092.95,none
2025-04-07,0,Mon,-5.04,1.31,359.3,562.6,-17387.89,-10523.37,-19783.04,-24657.75,"gap_abs_pct>=p90, move_abs_pct>=p90, range_pct>=p90, premium_pct>=p90"
2024-12-13,0,Fri,-0.17,-0.33,114.9,364.5,-20730.13,-8582.69,-19626.92,-19129.5,none
2026-04-02,0,Thu,-1.41,-0.62,185.5,608.5,-16312.87,-10648.43,-18719.08,-21050.25,"gap_abs_pct>=p90, move_abs_pct>=p90, range_pct>=p90, premium_pct>=p90"
2026-02-16,0,Mon,-0.15,0.2,120.6,176.1,-23012.63,-10487.9,-18588.19,-18466.5,none
2025-03-06,1,Thu,0.58,-0.5,142.1,115.0,-15723.48,-6566.03,-18186.23,-18484.05,"move_abs_pct>=p90, range_pct>=p90, range_over_premium>=p90, expiry"
