family,bucket,strategy,n,mean,median,worst,p5,loss_days_pct,big_loss_days(<-20k),sum,max_dd_in_bucket,mean_vs_rest_p,weak(n<30)
A expiry,all days,S1,479,1376.0,3148.2,-89614.3,-17442.6,34.4,21,659121.0,116076.0,,False
A expiry,all days,S2,478,253.6,532.3,-16220.3,-8425.7,43.1,0,121205.0,97186.0,,False
A expiry,all days,S3,478,731.5,1927.5,-43620.0,-16958.0,38.5,15,349676.0,102617.0,,False
A expiry,expiry days,S1,102,2354.1,7699.2,-89614.3,-38517.8,38.2,10,240118.0,148101.0,0.551,False
A expiry,expiry days,S2,102,735.2,441.1,-16220.3,-11612.7,48.0,0,74994.0,64144.0,0.5,False
A expiry,expiry days,S3,102,1452.8,5235.8,-43620.0,-27387.3,42.2,10,148190.0,82355.0,0.557,False
A expiry,non-expiry days,S1,377,1111.4,2793.4,-48218.4,-15713.8,33.4,11,419004.0,129209.0,0.551,False
A expiry,non-expiry days,S2,376,122.9,549.5,-11766.1,-5789.5,41.8,0,46211.0,81418.0,0.5,False
A expiry,non-expiry days,S3,376,535.9,1697.7,-29087.1,-12844.7,37.5,5,201486.0,133893.0,0.557,False
A days-to-expiry,dte=0,S1,102,2354.1,7699.2,-89614.3,-38517.8,38.2,10,240118.0,148101.0,0.551,False
A days-to-expiry,dte=0,S2,102,735.2,441.1,-16220.3,-11612.7,48.0,0,74994.0,64144.0,0.5,False
A days-to-expiry,dte=0,S3,102,1452.8,5235.8,-43620.0,-27387.3,42.2,10,148190.0,82355.0,0.557,False
A days-to-expiry,dte=1,S1,92,2644.2,3313.5,-23012.6,-13323.7,27.2,2,243265.0,38186.0,0.151,False
A days-to-expiry,dte=1,S2,92,665.7,1153.0,-10487.9,-5569.1,39.1,0,61242.0,27091.0,0.282,False
A days-to-expiry,dte=1,S3,92,1589.3,2598.6,-18588.2,-12005.5,32.6,0,146220.0,42813.0,0.236,False
A days-to-expiry,dte=2,S1,46,1021.2,2939.1,-27185.0,-19026.7,37.0,2,46976.0,72065.0,0.822,False
A days-to-expiry,dte=2,S2,45,-261.9,26.6,-10523.4,-6479.4,48.9,0,-11788.0,46458.0,0.418,False
A days-to-expiry,dte=2,S3,46,25.8,1202.5,-19783.0,-15901.9,41.3,0,1187.0,75391.0,0.578,False
A days-to-expiry,dte=3,S1,46,550.3,3473.1,-48218.4,-17876.8,32.6,2,25312.0,53693.0,0.625,False
A days-to-expiry,dte=3,S2,46,263.8,620.7,-11766.1,-6366.5,34.8,0,12134.0,21759.0,0.985,False
A days-to-expiry,dte=3,S3,45,749.9,2198.7,-29087.1,-14958.5,35.6,2,33745.0,41950.0,0.987,False
A days-to-expiry,dte=4,S1,52,391.9,1734.3,-17253.2,-12176.8,40.4,0,20377.0,52580.0,0.332,False
A days-to-expiry,dte=4,S2,52,73.7,629.4,-6082.3,-4828.1,44.2,0,3833.0,17244.0,0.631,False
A days-to-expiry,dte=4,S3,52,225.9,1638.8,-11868.7,-10908.2,42.3,0,11747.0,36066.0,0.516,False
A days-to-expiry,dte=5,S1,53,482.6,2959.6,-42669.0,-11932.0,28.3,1,25579.0,63703.0,0.436,False
A days-to-expiry,dte=5,S2,53,-368.7,371.1,-10777.2,-3528.0,45.3,0,-19543.0,33218.0,0.108,False
A days-to-expiry,dte=5,S3,53,-188.9,1480.5,-23458.0,-7873.6,35.8,1,-10012.0,51827.0,0.241,False
A days-to-expiry,dte=6,S1,88,653.3,2480.0,-36918.0,-15352.6,37.5,4,57495.0,65611.0,0.477,False
A days-to-expiry,dte=6,S2,88,3.8,377.5,-9318.0,-5757.5,40.9,0,333.0,39167.0,0.49,False
A days-to-expiry,dte=6,S3,88,211.4,1514.1,-27871.8,-13739.6,39.8,2,18600.0,67765.0,0.502,False
B |gap| %,0.00-0.10,S1,123,2057.2,3406.8,-65066.2,-16005.0,35.0,4,253033.0,95010.0,0.492,False
B |gap| %,0.00-0.10,S2,123,790.0,902.6,-12470.7,-6056.2,39.8,0,97165.0,44535.0,0.165,False
B |gap| %,0.00-0.10,S3,123,1529.8,2242.9,-32384.9,-14525.2,37.4,3,188164.0,83790.0,0.28,False
B |gap| %,0.10-0.25,S1,145,363.1,2127.1,-89614.3,-20621.1,37.9,9,52650.0,130825.0,0.247,False
B |gap| %,0.10-0.25,S2,145,-271.2,307.8,-16220.3,-8332.3,42.1,0,-39320.0,93590.0,0.112,False
B |gap| %,0.10-0.25,S3,145,-106.2,1209.3,-43620.0,-17821.6,41.4,4,-15406.0,125431.0,0.184,False
B |gap| %,0.25-0.50,S1,127,2465.1,3796.1,-42669.0,-17064.7,29.9,5,313073.0,47880.0,0.22,False
B |gap| %,0.25-0.50,S2,126,671.1,673.6,-10868.1,-7890.4,42.1,0,84558.0,42860.0,0.293,False
B |gap| %,0.25-0.50,S3,127,1553.0,2066.8,-27871.8,-15805.6,33.9,5,197230.0,55619.0,0.238,False
B |gap| %,0.50-0.75,S1,36,-492.2,1428.5,-15723.5,-15000.5,38.9,0,-17721.0,68305.0,0.197,False
B |gap| %,0.50-0.75,S2,36,-1449.8,-823.7,-10592.8,-7539.9,61.1,0,-52192.0,57708.0,0.008,False
B |gap| %,0.50-0.75,S3,35,-1423.2,494.0,-18186.2,-14506.4,48.6,0,-49810.0,79823.0,0.082,False
B |gap| %,>0.75,S1,48,1210.1,4297.5,-48218.4,-31126.1,31.2,3,58087.0,54289.0,0.941,False
B |gap| %,>0.75,S2,48,645.7,1146.5,-14979.8,-10604.7,43.8,0,30996.0,31557.0,0.688,False
B |gap| %,>0.75,S3,48,614.5,3190.4,-32315.2,-25574.7,37.5,3,29498.0,46416.0,0.947,False
C |09:15-09:30 move| %,very quiet (<p25 = 0.0793),S1,120,172.4,3062.5,-46559.1,-19953.6,36.7,6,20692.0,110827.0,0.211,False
C |09:15-09:30 move| %,very quiet (<p25 = 0.0793),S2,120,304.3,691.2,-10150.4,-6717.0,39.2,0,36516.0,33537.0,0.888,False
C |09:15-09:30 move| %,very quiet (<p25 = 0.0793),S3,119,283.7,1955.5,-32384.9,-14835.6,37.0,3,33765.0,83254.0,0.533,False
C |09:15-09:30 move| %,"normal (p25-p75, to 0.284)",S1,239,2743.2,3410.1,-42669.0,-10452.0,30.5,5,655621.0,78940.0,0.017,False
C |09:15-09:30 move| %,"normal (p25-p75, to 0.284)",S2,238,226.0,556.2,-16220.3,-7147.2,42.9,0,53789.0,52361.0,0.907,False
C |09:15-09:30 move| %,"normal (p25-p75, to 0.284)",S3,239,1473.0,2064.7,-43620.0,-10796.4,36.4,3,352051.0,64669.0,0.087,False
C |09:15-09:30 move| %,"elevated (p75-p95, to 0.552)",S1,96,-1487.2,1235.3,-89614.3,-30618.4,42.7,9,-142771.0,207916.0,0.054,False
C |09:15-09:30 move| %,"elevated (p75-p95, to 0.552)",S2,96,-385.6,-150.9,-12470.7,-9433.1,51.0,0,-37019.0,90850.0,0.229,False
C |09:15-09:30 move| %,"elevated (p75-p95, to 0.552)",S3,96,-1393.1,388.6,-32315.2,-26544.6,47.9,8,-133740.0,178983.0,0.038,False
C |09:15-09:30 move| %,extreme (>=p95 = 0.552),S1,24,5232.5,7272.7,-48218.4,-17226.6,29.2,1,125579.0,53429.0,0.301,True
C |09:15-09:30 move| %,extreme (>=p95 = 0.552),S2,24,2830.0,2402.2,-11766.1,-11166.4,33.3,0,67920.0,23079.0,0.177,True
C |09:15-09:30 move| %,extreme (>=p95 = 0.552),S3,24,4066.7,5575.0,-29087.1,-19623.4,29.2,1,97600.0,40096.0,0.269,True
C move direction,up (09:30 above 09:15),S1,226,1283.3,3308.1,-48218.4,-15618.5,32.7,9,290016.0,77260.0,0.877,False
C move direction,up (09:30 above 09:15),S2,226,-48.0,556.2,-14979.8,-8324.3,43.4,0,-10851.0,63599.0,0.216,False
C move direction,up (09:30 above 09:15),S3,226,441.8,2066.7,-32384.9,-15186.5,38.5,5,99848.0,56649.0,0.523,False
C move direction,down,S1,253,1458.9,2959.6,-89614.3,-19094.9,36.0,12,369105.0,133660.0,0.877,False
C move direction,down,S2,252,524.0,518.8,-16220.3,-8449.4,42.9,0,132056.0,52663.0,0.216,False
C move direction,down,S3,252,991.4,1845.4,-43620.0,-18115.5,38.5,10,249828.0,91303.0,0.523,False
C signed move: strong up (>=p90),,S1,48,-53.2,2053.3,-48218.4,-28614.6,39.6,3,-2553.0,89617.0,0.463,False
C signed move: strong up (>=p90),,S2,48,-297.7,-71.9,-11766.1,-10262.7,50.0,0,-14288.0,32511.0,0.468,False
C signed move: strong up (>=p90),,S3,48,-732.7,1150.2,-32315.2,-25040.8,45.8,3,-35171.0,92725.0,0.333,False
C signed move: strong down (<=p10),,S1,48,-625.6,931.8,-89614.3,-28677.2,41.7,5,-30031.0,109294.0,0.465,False
C signed move: strong down (<=p10),,S2,48,439.7,186.8,-12470.7,-10791.2,45.8,0,21105.0,44226.0,0.866,False
C signed move: strong down (<=p10),,S3,48,-411.3,834.1,-28693.3,-25535.0,45.8,4,-19743.0,76782.0,0.552,False
D range 09:15-09:30 % of spot,very quiet (<p25 = 0.269),S1,120,521.5,2228.1,-46559.1,-16951.2,39.2,4,62574.0,71363.0,0.361,False
D range 09:15-09:30 % of spot,very quiet (<p25 = 0.269),S2,120,-99.7,357.7,-16220.3,-8060.3,46.7,0,-11965.0,42195.0,0.353,False
D range 09:15-09:30 % of spot,very quiet (<p25 = 0.269),S3,119,-44.0,1239.8,-43620.0,-14746.9,42.0,3,-5233.0,76817.0,0.301,False
D range 09:15-09:30 % of spot,"normal (p25-p75, to 0.481)",S1,239,1796.2,3448.5,-89614.3,-15535.3,31.8,10,429286.0,159263.0,0.465,False
D range 09:15-09:30 % of spot,"normal (p25-p75, to 0.481)",S2,238,391.6,692.7,-11677.1,-6729.2,41.2,0,93201.0,66963.0,0.557,False
D range 09:15-09:30 % of spot,"normal (p25-p75, to 0.481)",S3,239,1187.8,2143.5,-27850.4,-14127.6,35.6,6,283888.0,122654.0,0.293,False
D range 09:15-09:30 % of spot,"elevated (p75-p95, to 0.747)",S1,96,996.3,2749.7,-65066.2,-22032.2,36.5,6,95646.0,107505.0,0.771,False
D range 09:15-09:30 % of spot,"elevated (p75-p95, to 0.747)",S2,96,244.0,299.3,-14979.8,-9433.1,45.8,0,23422.0,39213.0,0.986,False
D range 09:15-09:30 % of spot,"elevated (p75-p95, to 0.747)",S3,96,280.9,1899.4,-32315.2,-20200.6,42.7,5,26966.0,73280.0,0.654,False
D range 09:15-09:30 % of spot,extreme (>=p95 = 0.747),S1,24,2984.0,3343.4,-48218.4,-17385.1,29.2,1,71615.0,48218.0,0.645,True
D range 09:15-09:30 % of spot,extreme (>=p95 = 0.747),S2,24,689.4,1802.8,-12470.7,-11598.4,33.3,0,16546.0,30819.0,0.805,True
D range 09:15-09:30 % of spot,extreme (>=p95 = 0.747),S3,24,1835.7,3118.4,-29087.1,-19623.4,33.3,1,44056.0,40459.0,0.692,True
E straddle premium % of spot,very quiet (<p25 = 0.642),S1,120,450.7,2813.2,-89614.3,-32281.2,39.2,9,54090.0,156018.0,0.454,False
E straddle premium % of spot,very quiet (<p25 = 0.642),S2,120,64.1,-220.0,-12249.4,-9797.3,52.5,0,7692.0,68280.0,0.688,False
E straddle premium % of spot,very quiet (<p25 = 0.642),S3,120,42.4,1635.3,-32384.9,-24320.2,43.3,9,5085.0,105627.0,0.43,False
E straddle premium % of spot,"normal (p25-p75, to 1.24)",S1,239,1556.2,2793.4,-48218.4,-15224.2,34.3,8,371929.0,85587.0,0.754,False
E straddle premium % of spot,"normal (p25-p75, to 1.24)",S2,238,313.5,619.6,-16220.3,-6728.9,39.9,0,74623.0,37464.0,0.799,False
E straddle premium % of spot,"normal (p25-p75, to 1.24)",S3,238,912.0,1623.9,-43620.0,-11878.8,37.4,4,217056.0,63333.0,0.679,False
E straddle premium % of spot,"elevated (p75-p95, to 1.88)",S1,96,2313.7,3700.4,-38814.5,-15155.9,29.2,3,222110.0,65427.0,0.344,False
E straddle premium % of spot,"elevated (p75-p95, to 1.88)",S2,96,605.3,860.0,-9318.0,-5753.8,37.5,0,58108.0,22417.0,0.346,False
E straddle premium % of spot,"elevated (p75-p95, to 1.88)",S3,96,1510.9,2193.4,-27871.8,-13987.3,32.3,2,145043.0,53306.0,0.317,False
E straddle premium % of spot,extreme (>=p95 = 1.88),S1,24,458.0,2301.9,-27186.0,-17385.1,33.3,1,10992.0,57660.0,0.713,True
E straddle premium % of spot,extreme (>=p95 = 1.88),S2,24,-800.8,-68.9,-10648.4,-9906.9,50.0,0,-19218.0,36122.0,0.279,True
E straddle premium % of spot,extreme (>=p95 = 1.88),S3,24,-729.5,973.8,-19783.0,-18011.3,50.0,0,-17508.0,62875.0,0.446,True
E premium percentile (past days only),0.0-0.2,S1,99,1016.9,4305.4,-89614.3,-29540.1,36.4,7,100672.0,153860.0,0.804,False
E premium percentile (past days only),0.0-0.2,S2,99,315.2,-208.2,-12249.4,-8512.0,50.5,0,31203.0,42749.0,0.91,False
E premium percentile (past days only),0.0-0.2,S3,99,654.5,3104.9,-28693.3,-23538.2,41.4,6,64791.0,85685.0,0.938,False
E premium percentile (past days only),0.2-0.4,S1,93,2581.3,2319.3,-23012.6,-12110.5,31.2,2,240063.0,56740.0,0.194,False
E premium percentile (past days only),0.2-0.4,S2,93,783.1,477.4,-12470.7,-6498.3,43.0,0,72826.0,33594.0,0.267,False
E premium percentile (past days only),0.2-0.4,S3,93,1590.1,1259.5,-18588.2,-10807.8,36.6,0,147878.0,48047.0,0.265,False
E premium percentile (past days only),0.4-0.6,S1,82,864.2,1892.1,-42669.0,-12177.0,37.8,1,70862.0,65849.0,0.61,False
E premium percentile (past days only),0.4-0.6,S2,82,-48.5,474.1,-10777.2,-5793.9,39.0,0,-3974.0,41004.0,0.469,False
E premium percentile (past days only),0.4-0.6,S3,81,494.7,1445.4,-23458.0,-11125.4,39.5,1,40072.0,54376.0,0.761,False
E premium percentile (past days only),0.6-0.8,S1,71,1830.9,4046.3,-48218.4,-15168.9,31.0,2,129994.0,62340.0,0.722,False
E premium percentile (past days only),0.6-0.8,S2,70,455.4,768.3,-14979.8,-5573.2,32.9,0,31875.0,19254.0,0.698,False
E premium percentile (past days only),0.6-0.8,S3,71,1283.9,2562.2,-29087.1,-12658.6,31.0,2,91159.0,46069.0,0.56,False
E premium percentile (past days only),0.8-1.0,S1,74,2193.4,3219.8,-27186.0,-13608.8,28.4,1,162310.0,57601.0,0.446,False
E premium percentile (past days only),0.8-1.0,S2,74,278.0,299.3,-10648.4,-5229.4,44.6,0,20573.0,33943.0,0.956,False
E premium percentile (past days only),0.8-1.0,S3,74,1166.6,1955.1,-19783.0,-10739.8,37.8,0,86325.0,60354.0,0.611,False
F |CE-PE|/premium,very quiet (<p25 = 0.0401),S1,120,1662.9,3562.6,-65066.2,-16344.0,28.3,4,199551.0,90494.0,0.767,False
F |CE-PE|/premium,very quiet (<p25 = 0.0401),S2,120,55.8,714.2,-12249.4,-8481.3,38.3,0,6698.0,52365.0,0.6,False
F |CE-PE|/premium,very quiet (<p25 = 0.0401),S3,119,941.2,2082.3,-29087.1,-14995.6,31.9,3,112007.0,81495.0,0.77,False
F |CE-PE|/premium,"normal (p25-p75, to 0.147)",S1,239,1262.7,3148.2,-89614.3,-20239.5,35.1,13,301790.0,113592.0,0.844,False
F |CE-PE|/premium,"normal (p25-p75, to 0.147)",S2,238,365.5,453.9,-16220.3,-8003.9,43.7,0,86988.0,43693.0,0.634,False
F |CE-PE|/premium,"normal (p25-p75, to 0.147)",S3,239,783.4,1553.9,-43620.0,-16995.9,39.7,8,187232.0,92571.0,0.905,False
F |CE-PE|/premium,"elevated (p75-p95, to 0.271)",S1,96,660.5,1548.8,-46559.1,-15758.6,41.7,4,63410.0,110976.0,0.507,False
F |CE-PE|/premium,"elevated (p75-p95, to 0.271)",S2,96,-49.8,9.6,-10487.9,-8525.7,50.0,0,-4785.0,45424.0,0.515,False
F |CE-PE|/premium,"elevated (p75-p95, to 0.271)",S3,96,-147.4,884.8,-32384.9,-17780.0,45.8,4,-14147.0,101956.0,0.318,False
F |CE-PE|/premium,extreme (>=p95 = 0.271),S1,24,3932.1,4267.4,-12709.6,-11365.6,29.2,0,94371.0,15450.0,0.145,True
F |CE-PE|/premium,extreme (>=p95 = 0.271),S2,24,1346.0,1077.1,-9036.4,-4443.6,33.3,0,32305.0,14265.0,0.224,True
F |CE-PE|/premium,extreme (>=p95 = 0.271),S3,24,2691.0,2835.7,-11389.5,-10269.9,29.2,0,64584.0,17241.0,0.191,True
F CE richer than PE (>p75 imbalance),,S1,120,1474.5,2923.9,-42666.2,-14945.6,36.7,5,176941.0,49884.0,0.908,False
F CE richer than PE (>p75 imbalance),,S2,119,331.4,517.8,-12470.7,-7313.8,44.5,0,39434.0,28083.0,0.829,False
F CE richer than PE (>p75 imbalance),,S3,120,708.9,1900.9,-28693.3,-14997.9,39.2,2,85064.0,45741.0,0.973,False
F PE richer than CE (<p25 imbalance),,S1,120,349.2,3034.5,-89614.3,-38412.8,38.3,10,41901.0,159766.0,0.427,False
F PE richer than CE (<p25 imbalance),,S2,120,324.0,532.3,-14979.8,-10172.5,40.8,0,38878.0,55892.0,0.889,False
F PE richer than CE (<p25 imbalance),,S3,120,412.7,2010.1,-32384.9,-24320.2,40.0,10,49527.0,63499.0,0.722,False
G opening direction (gap),strong_down,S1,42,-71.1,1822.4,-38523.6,-17316.3,38.1,1,-2988.0,73490.0,0.444,False
G opening direction (gap),strong_down,S2,42,-861.2,-726.8,-14979.8,-10589.3,54.8,0,-36170.0,61860.0,0.221,False
G opening direction (gap),strong_down,S3,42,-1237.2,1336.5,-32315.2,-18653.7,47.6,1,-51962.0,83511.0,0.217,False
G opening direction (gap),mild_down,S1,115,1045.2,2203.0,-89614.3,-20348.6,36.5,7,120202.0,89614.0,0.756,False
G opening direction (gap),mild_down,S2,115,177.9,237.3,-11631.4,-8492.4,44.3,0,20464.0,44552.0,0.859,False
G opening direction (gap),mild_down,S3,115,665.8,1293.0,-26243.6,-17674.7,40.0,3,76567.0,67471.0,0.929,False
G opening direction (gap),flat,S1,123,2057.2,3406.8,-65066.2,-16005.0,35.0,4,253033.0,95010.0,0.492,False
G opening direction (gap),flat,S2,123,790.0,902.6,-12470.7,-6056.2,39.8,0,97165.0,44535.0,0.165,False
G opening direction (gap),flat,S3,123,1529.8,2242.9,-32384.9,-14525.2,37.4,3,188164.0,83790.0,0.28,False
G opening direction (gap),mild_up,S1,157,1563.8,3500.0,-42669.0,-18263.0,32.5,7,245521.0,106865.0,0.808,False
G opening direction (gap),mild_up,S2,156,158.8,669.9,-16220.3,-7635.5,40.4,0,24773.0,39062.0,0.764,False
G opening direction (gap),mild_up,S3,157,670.4,2066.8,-43620.0,-16553.9,36.3,6,105258.0,95642.0,0.919,False
G opening direction (gap),strong_up,S1,42,1032.2,2599.7,-48218.4,-17176.8,31.0,2,43353.0,85423.0,0.874,False
G opening direction (gap),strong_up,S2,42,356.5,80.9,-11766.1,-7204.2,47.6,0,14973.0,36526.0,0.907,False
G opening direction (gap),strong_up,S3,41,771.9,1908.5,-29087.1,-18186.2,36.6,2,31649.0,64165.0,0.981,False
day of week,Mon,S1,97,490.7,2246.6,-48218.4,-17665.5,33.0,4,47602.0,71958.0,0.389,False
day of week,Mon,S2,97,-180.4,572.0,-14979.8,-7035.4,41.2,0,-17502.0,48374.0,0.3,False
day of week,Mon,S3,96,108.1,2011.1,-29087.1,-17573.5,37.5,2,10379.0,57163.0,0.434,False
day of week,Tue,S1,97,2820.8,4991.9,-42666.2,-23307.9,36.1,6,273615.0,66284.0,0.233,False
day of week,Tue,S2,96,684.2,318.9,-12470.7,-8008.4,45.8,0,65681.0,43016.0,0.457,False
day of week,Tue,S3,97,1612.2,3108.2,-28693.3,-15926.4,40.2,3,156380.0,63068.0,0.373,False
day of week,Wed,S1,96,2585.3,2822.0,-36918.0,-9014.5,30.2,2,248192.0,37240.0,0.183,False
day of week,Wed,S2,96,794.4,548.0,-7569.6,-4722.0,39.6,0,76263.0,28719.0,0.168,False
day of week,Wed,S3,96,1711.3,1813.5,-21395.8,-9831.3,34.4,1,164282.0,37623.0,0.162,False
day of week,Thu,S1,95,-37.0,3382.5,-89614.3,-39330.7,33.7,7,-3519.0,154021.0,0.36,False
day of week,Thu,S2,95,-314.5,371.1,-16220.3,-10921.4,47.4,0,-29878.0,58199.0,0.306,False
day of week,Thu,S3,95,-411.8,1701.5,-43620.0,-23689.5,40.0,8,-39123.0,87726.0,0.282,False
day of week,Fri,S1,94,991.8,3014.9,-34659.7,-15205.1,39.4,2,93232.0,56721.0,0.678,False
day of week,Fri,S2,94,283.4,731.8,-9318.0,-5438.9,41.5,0,26642.0,22883.0,0.932,False
day of week,Fri,S3,94,614.5,1916.0,-27871.8,-11936.3,40.4,1,57758.0,45839.0,0.872,False
prior-day range,top quartile,S1,120,4351.9,4162.1,-27185.0,-15067.5,29.2,3,522224.0,47789.0,0.001,False
prior-day range,top quartile,S2,120,903.3,955.0,-14979.8,-8852.9,39.2,0,108395.0,42580.0,0.163,False
prior-day range,top quartile,S3,120,2533.4,2997.4,-19783.0,-16440.1,34.2,0,304011.0,43095.0,0.018,False
