strategy,feature,tiers,train_days,train_skipped,train_skipped_pct,train_profitable_days_removed,train_losing_days_avoided,train_days_changed_not_skipped,train_base_net,train_net,train_avg_day,train_median_day,train_win_pct,train_worst_day,train_max_dd,train_t,train_base_worst,train_base_max_dd,train_base_t,train_profit_retained_pct,train_worst_day_reduction_pct,train_max_dd_reduction_pct,train_skipped_mean,train_traded_mean,train_score,train_avg_lots,train_exposure_reduction_pct,train_perm_p,valid_days,valid_skipped,valid_skipped_pct,valid_profitable_days_removed,valid_losing_days_avoided,valid_days_changed_not_skipped,valid_base_net,valid_net,valid_avg_day,valid_median_day,valid_win_pct,valid_worst_day,valid_max_dd,valid_t,valid_base_worst,valid_base_max_dd,valid_base_t,valid_profit_retained_pct,valid_worst_day_reduction_pct,valid_max_dd_reduction_pct,valid_skipped_mean,valid_traded_mean,valid_score,valid_avg_lots,valid_exposure_reduction_pct,valid_perm_p,promising_in_train,passes_validation
S1,gap_abs_pct,3/2/1/0 at p70/p85/p95,287,15,5.2,9,6,220,403715.03,339335.21,1182.35,2067.37,59.6,-89614.31,125521.22,1.67,-89614.31,116075.59,1.77,84.1,0.0,-8.1,-1312.31,1556.62,-24.0,2.5,16.7,0.5805,192,18,9.4,11,7,140,255406.41,184066.65,958.68,1513.18,63.5,-42668.98,104108.2,1.6,-42668.98,90059.46,1.67,72.1,0.0,-15.6,3045.03,1152.85,-43.5,2.17,27.7,0.7675,False,False
S1,gap_abs_pct,3/2/1 at p80/p90,287,0,0.0,0,0,228,403715.03,354202.12,1234.15,2612.46,62.7,-89614.31,115656.75,1.69,-89614.31,116075.59,1.77,87.7,0.0,0.4,,1406.67,-11.9,2.7,10.0,0.491,192,0,0.0,0,0,157,255406.41,228658.15,1190.93,2200.08,69.3,-42668.98,93002.77,1.91,-42668.98,90059.46,1.67,89.5,0.0,-3.3,,1330.24,-13.8,2.42,19.3,0.5565,False,False
S1,move_abs_pct,3/2/1/0 at p70/p85/p95,287,15,5.2,11,4,220,403715.03,418091.45,1456.76,2158.85,59.2,-46559.09,95427.09,2.46,-89614.31,116075.59,1.77,103.6,48.0,17.8,3501.3,1291.16,21.4,2.5,16.7,0.107,192,8,4.2,6,2,153,255406.41,158163.38,823.77,2018.39,66.1,-42668.98,117899.04,1.31,-42668.98,90059.46,1.67,61.9,0.0,-30.9,9579.46,971.58,-69.0,2.48,17.3,0.9785,False,False
S1,move_abs_pct,3/2/1 at p80/p90,287,0,0.0,0,0,229,403715.03,442061.85,1540.29,3042.06,63.1,-59774.34,93429.71,2.39,-89614.31,116075.59,1.77,109.5,33.3,19.5,,1406.67,29.0,2.7,10.0,0.0445,192,0,0.0,0,0,156,255406.41,224567.81,1169.62,2444.92,69.3,-42668.98,108231.82,1.79,-42668.98,90059.46,1.67,87.9,0.0,-20.2,,1330.24,-32.3,2.66,11.3,0.882,True,False
S1,range_pct,3/2/1/0 at p70/p85/p95,287,15,5.2,12,3,220,403715.03,350394.28,1220.89,2158.85,58.9,-59774.34,93429.71,1.98,-89614.31,116075.59,1.77,86.8,33.3,19.5,3578.04,1286.93,6.3,2.5,16.7,0.2285,192,16,8.3,10,6,144,255406.41,163501.3,851.57,1822.36,64.1,-42668.98,118462.14,1.38,-42668.98,90059.46,1.67,64.0,0.0,-31.5,3263.86,1154.46,-67.5,2.31,23.0,0.9375,False,False
S1,range_pct,3/2/1 at p80/p90,287,0,0.0,0,0,228,403715.03,352197.29,1227.17,2793.41,63.1,-89614.31,102321.62,1.78,-89614.31,116075.59,1.77,87.2,0.0,11.8,,1406.67,-1.0,2.7,10.0,0.348,192,0,0.0,0,0,156,255406.41,213934.3,1114.24,2359.8,69.3,-42668.98,106995.31,1.67,-42668.98,90059.46,1.67,83.8,0.0,-18.8,,1330.24,-35.0,2.57,14.3,0.8685,False,False
S1,range_over_premium,3/2/1/0 at p70/p85/p95,287,15,5.2,9,6,230,403715.03,382912.32,1334.19,2297.37,59.9,-46559.09,108891.67,2.29,-89614.31,116075.59,1.77,94.8,48.0,6.2,-1766.19,1581.65,1.0,2.5,16.7,0.2715,192,9,4.7,8,1,157,255406.41,134033.06,698.09,2190.21,65.1,-42668.98,114838.59,1.23,-42668.98,90059.46,1.67,52.5,0.0,-27.5,11616.31,824.37,-75.0,2.48,17.3,0.9795,False,False
S1,range_over_premium,3/2/1 at p80/p90,287,0,0.0,0,0,239,403715.03,422542.76,1472.27,2901.36,63.1,-46559.09,105125.88,2.36,-89614.31,116075.59,1.77,104.7,48.0,9.4,,1406.67,14.1,2.7,10.0,0.1545,192,0,0.0,0,0,161,255406.41,190605.54,992.74,2863.52,69.3,-42668.98,105433.17,1.63,-42668.98,90059.46,1.67,74.6,0.0,-17.1,,1330.24,-42.5,2.67,11.0,0.9585,False,False
S1,move_over_premium,3/2/1/0 at p70/p85/p95,287,15,5.2,7,8,226,403715.03,489591.55,1705.89,2285.83,60.6,-46559.09,93429.71,2.91,-89614.31,116075.59,1.77,121.3,48.0,19.5,-6211.6,1826.8,40.8,2.5,16.7,0.024,192,10,5.2,6,4,153,255406.41,139830.29,728.28,2030.37,66.1,-42668.98,123956.37,1.19,-42668.98,90059.46,1.67,54.7,0.0,-37.6,4095.49,1178.3,-82.9,2.51,16.3,0.9895,True,False
S1,move_over_premium,3/2/1 at p80/p90,287,0,0.0,0,0,233,403715.03,492960.01,1717.63,3130.72,63.1,-46559.09,93429.71,2.77,-89614.31,116075.59,1.77,122.1,48.0,19.5,,1406.67,41.6,2.7,10.0,0.0125,192,0,0.0,0,0,156,255406.41,187032.23,974.13,2863.52,69.3,-42668.98,113964.64,1.52,-42668.98,90059.46,1.67,73.2,0.0,-26.5,,1330.24,-53.3,2.72,9.3,0.986,True,False
S1,ce_pe_imb_abs,3/2/1/0 at p70/p85/p95,287,15,5.2,9,6,217,403715.03,305661.15,1065.02,1745.26,59.9,-89614.31,119169.64,1.48,-89614.31,116075.59,1.77,75.7,0.0,-2.7,3054.71,1315.79,-27.0,2.5,16.7,0.622,192,6,3.1,5,1,155,255406.41,192583.31,1003.04,2117.39,66.7,-42668.98,80960.67,1.36,-42668.98,90059.46,1.67,75.4,0.0,10.1,5067.19,1209.7,-14.5,2.54,15.3,0.587,False,False
S1,ce_pe_imb_abs,3/2/1 at p80/p90,287,0,0.0,0,0,223,403715.03,340985.59,1188.1,2497.88,63.1,-89614.31,117765.92,1.57,-89614.31,116075.59,1.77,84.5,0.0,-1.5,,1406.67,-17.0,2.7,10.0,0.6155,192,0,0.0,0,0,155,255406.41,207395.39,1080.18,2403.88,69.3,-42668.98,88600.08,1.4,-42668.98,90059.46,1.67,81.2,0.0,1.6,,1330.24,-17.2,2.74,8.7,0.74,False,False
S1,prev_range_pct,3/2/1/0 at p70/p85/p95,287,15,5.2,11,4,222,403715.03,178728.31,622.75,1700.5,59.2,-89614.31,155040.31,0.87,-89614.31,116075.59,1.77,44.3,0.0,-33.6,7968.91,1044.78,-89.3,2.5,16.7,0.9945,192,14,7.3,9,5,138,255406.41,128138.05,667.39,1793.93,64.6,-42668.98,115413.71,0.95,-42668.98,90059.46,1.67,50.2,0.0,-28.2,2200.68,1261.78,-78.0,2.4,20.0,0.976,False,False
S1,prev_range_pct,3/2/1 at p80/p90,287,0,0.0,0,0,229,403715.03,216901.27,755.75,2665.1,63.1,-89614.31,144598.99,1.01,-89614.31,116075.59,1.77,53.7,0.0,-24.6,,1406.67,-70.9,2.7,10.0,0.9995,192,0,0.0,0,0,149,255406.41,154192.54,803.09,2224.8,69.3,-42668.98,119415.43,1.12,-42668.98,90059.46,1.67,60.4,0.0,-32.6,,1330.24,-72.2,2.6,13.3,0.994,False,False
S1,premium_pct,3/2/1/0 at p70/p85/p95,287,15,5.2,11,4,215,403715.03,241641.24,841.96,1848.96,59.2,-89614.31,137525.57,1.19,-89614.31,116075.59,1.77,59.9,0.0,-18.5,7642.78,1062.77,-58.6,2.5,16.7,0.9215,192,28,14.6,19,9,126,255406.41,245264.97,1277.42,1469.35,59.4,-42668.98,90059.46,1.76,-42668.98,90059.46,1.67,96.0,0.0,0.0,-539.29,1649.43,-4.0,2.24,25.3,0.4025,False,False
S1,premium_pct,3/2/1 at p80/p90,287,0,0.0,0,0,223,403715.03,289653.04,1009.24,2297.37,63.1,-89614.31,140225.15,1.37,-89614.31,116075.59,1.77,71.7,0.0,-20.8,,1406.67,-49.1,2.7,10.0,0.977,192,0,0.0,0,0,151,255406.41,240128.42,1250.67,2190.21,69.3,-42668.98,90059.46,1.66,-42668.98,90059.46,1.67,94.0,0.0,0.0,,1330.24,-6.0,2.53,15.7,0.464,False,False
S2,gap_abs_pct,3/2/1/0 at p70/p85/p95,286,15,5.2,8,7,248,85298.98,69358.33,242.51,173.24,51.4,-16220.26,60984.9,0.91,-16220.26,50764.46,0.98,81.3,0.0,-20.1,-85.84,319.51,-38.8,2.5,16.7,0.7175,192,18,9.4,9,9,161,35906.26,25622.58,133.45,150.14,54.2,-12470.69,81521.61,0.51,-14979.81,97185.83,0.51,71.4,16.8,16.1,787.89,124.85,-12.5,2.17,27.7,0.4605,False,False
S2,gap_abs_pct,3/2/1 at p80/p90,286,0,0.0,0,0,254,85298.98,66912.45,233.96,374.44,54.5,-16220.26,57686.12,0.85,-16220.26,50764.46,0.98,78.4,0.0,-13.6,,298.25,-35.2,2.7,10.0,0.7915,192,0,0.0,0,0,177,35906.26,31185.09,162.42,343.54,58.9,-12470.69,83323.47,0.57,-14979.81,97185.83,0.51,86.9,16.8,14.3,,187.01,1.2,2.42,19.3,0.3555,False,False
S2,move_abs_pct,3/2/1/0 at p70/p85/p95,286,15,5.2,11,4,245,85298.98,60338.34,210.97,76.02,51.0,-16220.26,43350.25,0.87,-16220.26,50764.46,0.98,70.7,0.0,14.6,2534.3,174.48,-14.7,2.5,16.7,0.4915,192,8,4.2,5,3,174,35906.26,-9464.87,-49.3,242.73,55.7,-14979.81,89986.22,-0.19,-14979.81,97185.83,0.51,-26.4,0.0,7.4,5145.36,-28.57,-119.0,2.48,17.3,0.9495,False,False
S2,move_abs_pct,3/2/1 at p80/p90,286,0,0.0,0,0,255,85298.98,76497.99,267.48,368.02,54.5,-16220.26,43234.9,1.05,-16220.26,50764.46,0.98,89.7,0.0,14.8,,298.25,4.5,2.7,10.0,0.309,192,0,0.0,0,0,180,35906.26,12931.09,67.35,522.34,58.3,-14979.81,87152.48,0.23,-14979.81,97185.83,0.51,36.0,0.0,10.3,,187.01,-53.7,2.66,11.3,0.7885,False,False
S2,range_pct,3/2/1/0 at p70/p85/p95,286,15,5.2,12,3,244,85298.98,45399.58,158.74,39.16,50.7,-16220.26,48504.81,0.65,-16220.26,50764.46,0.98,53.2,0.0,4.5,1768.15,216.89,-42.3,2.5,16.7,0.743,192,16,8.3,9,7,165,35906.26,30436.7,158.52,186.99,53.1,-10777.16,69475.52,0.66,-14979.81,97185.83,0.51,84.8,28.1,28.5,401.05,167.55,13.3,2.31,23.0,0.369,False,False
S2,range_pct,3/2/1 at p80/p90,286,0,0.0,0,0,256,85298.98,48847.14,170.79,343.75,54.5,-16220.26,46610.94,0.65,-16220.26,50764.46,0.98,57.3,0.0,8.2,,298.25,-34.5,2.7,10.0,0.774,192,0,0.0,0,0,180,35906.26,44852.21,233.61,461.31,57.3,-10777.16,72089.25,0.86,-14979.81,97185.83,0.51,124.9,28.1,25.8,,187.01,50.7,2.57,14.3,0.126,False,False
S2,range_over_premium,3/2/1/0 at p70/p85/p95,286,15,5.2,7,8,249,85298.98,76353.81,266.97,224.01,51.7,-16220.26,48152.32,1.13,-16220.26,50764.46,0.98,89.5,0.0,5.1,-495.52,342.18,-5.4,2.5,16.7,0.392,192,9,4.7,7,2,175,35906.26,-17271.91,-89.96,235.14,56.2,-10777.16,83989.32,-0.42,-14979.81,97185.83,0.51,-48.1,28.1,13.6,8567.69,-225.15,-134.5,2.48,17.3,0.959,False,False
S2,range_over_premium,3/2/1 at p80/p90,286,0,0.0,0,0,260,85298.98,81485.35,284.91,384.09,54.9,-16220.26,50492.87,1.12,-16220.26,50764.46,0.98,95.5,0.0,0.5,,298.25,-4.0,2.7,10.0,0.412,192,0,0.0,0,0,184,35906.26,7699.64,40.1,599.78,59.9,-10777.16,81187.47,0.17,-14979.81,97185.83,0.51,21.4,28.1,16.5,,187.01,-62.1,2.67,11.0,0.8415,False,False
S2,move_over_premium,3/2/1/0 at p70/p85/p95,286,15,5.2,7,8,245,85298.98,102199.78,357.34,224.01,52.1,-16220.26,40973.58,1.49,-16220.26,50764.46,0.98,119.8,0.0,19.3,-775.12,357.66,39.1,2.5,16.7,0.07,192,10,5.2,6,4,172,35906.26,-28131.22,-146.52,225.38,55.2,-14979.81,88971.02,-0.59,-14979.81,97185.83,0.51,-78.3,0.0,8.5,5834.68,-123.3,-169.8,2.51,16.3,0.9925,True,False
S2,move_over_premium,3/2/1 at p80/p90,286,0,0.0,0,0,259,85298.98,106138.96,371.12,413.78,54.5,-16220.26,43136.04,1.47,-16220.26,50764.46,0.98,124.4,0.0,15.0,,298.25,39.4,2.7,10.0,0.033,192,0,0.0,0,0,180,35906.26,-8574.69,-44.66,599.78,59.9,-14979.81,85564.44,-0.16,-14979.81,97185.83,0.51,-23.9,0.0,12.0,,187.01,-111.9,2.72,9.3,0.983,True,False
S2,ce_pe_imb_abs,3/2/1/0 at p70/p85/p95,286,15,5.2,8,7,250,85298.98,55810.94,195.14,224.01,51.7,-16220.26,51962.48,0.74,-16220.26,50764.46,0.98,65.4,0.0,-2.4,649.77,278.79,-37.0,2.5,16.7,0.686,192,6,3.1,5,1,172,35906.26,16805.65,87.53,240.03,56.2,-12470.69,77289.68,0.26,-14979.81,97185.83,0.51,46.8,16.8,20.5,2796.29,102.84,-32.7,2.54,15.3,0.6195,False,False
S2,ce_pe_imb_abs,3/2/1 at p80/p90,286,0,0.0,0,0,261,85298.98,62332.73,217.95,352.63,54.5,-16220.26,49267.7,0.77,-16220.26,50764.46,0.98,73.1,0.0,2.9,,298.25,-24.0,2.7,10.0,0.6505,192,0,0.0,0,0,178,35906.26,17561.26,91.46,349.18,59.9,-14979.81,92599.34,0.26,-14979.81,97185.83,0.51,48.9,0.0,4.7,,187.01,-46.4,2.74,8.7,0.784,False,False
S2,prev_range_pct,3/2/1/0 at p70/p85/p95,286,15,5.2,11,4,250,85298.98,17299.29,60.49,110.82,50.7,-12249.36,59298.22,0.24,-16220.26,50764.46,0.98,20.3,24.5,-16.8,2894.42,154.55,-96.5,2.5,16.7,0.967,192,14,7.3,8,6,166,35906.26,37199.63,193.75,232.7,54.7,-10868.12,71059.46,0.69,-14979.81,97185.83,0.51,103.6,27.4,26.9,-1485.66,318.57,30.5,2.4,20.0,0.266,False,False
S2,prev_range_pct,3/2/1 at p80/p90,286,0,0.0,0,0,260,85298.98,21198.83,74.12,320.46,54.5,-16220.26,62370.36,0.27,-16220.26,50764.46,0.98,24.9,0.0,-22.9,,298.25,-98.0,2.7,10.0,0.999,192,0,0.0,0,0,180,35906.26,32432.18,168.92,373.84,58.3,-10868.12,77975.69,0.58,-14979.81,97185.83,0.51,90.3,27.4,19.8,,187.01,10.1,2.6,13.3,0.3345,False,False
S2,premium_pct,3/2/1/0 at p70/p85/p95,286,15,5.2,10,5,240,85298.98,32785.97,114.64,104.75,51.0,-16220.26,53725.08,0.42,-16220.26,50764.46,0.98,38.4,0.0,-5.8,2289.55,188.03,-67.4,2.5,16.7,0.894,192,28,14.6,13,15,147,35906.26,53613.39,279.24,112.28,52.1,-14979.81,69492.04,0.8,-14979.81,97185.83,0.51,149.3,0.0,28.5,-811.46,357.48,77.8,2.24,25.3,0.163,False,False
S2,premium_pct,3/2/1 at p80/p90,286,0,0.0,0,0,255,85298.98,45801.09,160.14,318.96,54.5,-16220.26,53013.3,0.57,-16220.26,50764.46,0.98,53.7,0.0,-4.4,,298.25,-50.7,2.7,10.0,0.9005,192,0,0.0,0,0,174,35906.26,44149.95,229.95,357.72,57.3,-14979.81,82028.51,0.65,-14979.81,97185.83,0.51,123.0,0.0,15.6,,187.01,38.6,2.53,15.7,0.2045,False,False
S3,gap_abs_pct,3/2/1/0 at p70/p85/p95,286,15,5.2,9,6,238,208599.03,181358.2,634.12,938.99,55.6,-43619.99,122595.2,1.22,-43619.99,102617.03,1.23,86.9,0.0,-19.5,-1557.84,855.97,-32.6,2.5,16.7,0.7265,192,18,9.4,9,9,153,141077.06,109605.58,570.86,901.65,60.4,-27850.42,94019.32,1.26,-28693.34,101427.07,1.17,77.7,2.9,7.3,1708.12,634.09,-15.0,2.17,27.7,0.5315,False,False
S3,gap_abs_pct,3/2/1 at p80/p90,286,0,0.0,0,0,247,208599.03,179281.64,626.86,1371.5,59.1,-43619.99,115962.22,1.17,-43619.99,102617.03,1.23,85.9,0.0,-13.0,,729.37,-27.1,2.7,10.0,0.7825,192,0,0.0,0,0,170,141077.06,133528.62,695.46,1298.59,65.1,-27850.42,82983.14,1.46,-28693.34,101427.07,1.17,94.6,2.9,18.2,,734.78,12.8,2.42,19.3,0.2985,False,False
S3,move_abs_pct,3/2/1/0 at p70/p85/p95,286,15,5.2,11,4,232,208599.03,206337.78,721.46,1089.58,55.2,-43619.99,81669.99,1.52,-43619.99,102617.03,1.23,98.9,0.0,20.4,3204.59,592.36,19.3,2.5,16.7,0.2285,192,8,4.2,6,2,164,141077.06,79626.0,414.72,1251.1,62.0,-23458.02,99005.93,0.88,-28693.34,101427.07,1.17,56.4,18.2,2.4,7078.22,458.97,-41.2,2.48,17.3,0.8145,False,False
S3,move_abs_pct,3/2/1 at p80/p90,286,0,0.0,0,0,244,208599.03,233947.6,818.0,1727.92,59.1,-43619.99,80324.97,1.64,-43619.99,102617.03,1.23,112.2,0.0,21.7,,729.37,33.9,2.7,10.0,0.1005,192,0,0.0,0,0,170,141077.06,127048.3,661.71,1613.78,65.1,-23458.02,89313.19,1.34,-28693.34,101427.07,1.17,90.1,18.2,11.9,,734.78,2.0,2.66,11.3,0.439,False,False
S3,range_pct,3/2/1/0 at p70/p85/p95,286,15,5.2,12,3,234,208599.03,168770.89,590.11,1018.69,54.9,-43619.99,95041.77,1.24,-43619.99,102617.03,1.23,80.9,0.0,7.4,2792.56,615.17,-11.7,2.5,16.7,0.524,192,16,8.3,9,7,159,141077.06,98562.77,513.35,1195.37,59.9,-27850.42,103962.05,1.12,-28693.34,101427.07,1.17,69.9,2.9,-2.5,1904.61,628.43,-32.6,2.31,23.0,0.698,False,False
S3,range_pct,3/2/1 at p80/p90,286,0,0.0,0,0,243,208599.03,170439.31,595.94,1543.55,59.1,-43619.99,89533.78,1.17,-43619.99,102617.03,1.23,81.7,0.0,12.7,,729.37,-5.6,2.7,10.0,0.4925,192,0,0.0,0,0,171,141077.06,131886.97,686.91,1504.1,65.1,-27850.42,86610.77,1.37,-28693.34,101427.07,1.17,93.5,2.9,14.6,,734.78,8.1,2.57,14.3,0.357,False,False
S3,range_over_premium,3/2/1/0 at p70/p85/p95,286,15,5.2,9,6,245,208599.03,188742.82,659.94,1210.14,55.9,-43619.99,105634.75,1.38,-43619.99,102617.03,1.23,90.5,0.0,-2.9,-70.83,773.66,-12.4,2.5,16.7,0.515,192,9,4.7,8,1,169,141077.06,55930.81,291.31,1306.46,60.9,-23458.02,104343.89,0.71,-28693.34,101427.07,1.17,39.6,18.2,-2.9,10654.36,246.93,-63.3,2.48,17.3,0.9135,False,False
S3,range_over_premium,3/2/1 at p80/p90,286,0,0.0,0,0,252,208599.03,216192.06,755.92,1583.23,59.1,-43619.99,106268.78,1.5,-43619.99,102617.03,1.23,103.6,0.0,-3.6,,729.37,-0.0,2.7,10.0,0.398,192,0,0.0,0,0,176,141077.06,96175.63,500.91,1832.85,64.6,-23458.02,97902.11,1.1,-28693.34,101427.07,1.17,68.2,18.2,3.5,,734.78,-28.3,2.67,11.0,0.781,False,False
S3,move_over_premium,3/2/1/0 at p70/p85/p95,286,15,5.2,7,8,236,208599.03,271393.79,948.93,1217.82,56.6,-43619.99,90496.42,1.97,-43619.99,102617.03,1.23,130.1,0.0,11.8,-4056.78,994.28,41.9,2.5,16.7,0.076,192,10,5.2,6,4,165,141077.06,62315.49,324.56,1226.92,61.5,-23458.02,107414.24,0.73,-28693.34,101427.07,1.17,44.2,18.2,-5.9,3654.49,574.35,-61.7,2.51,16.3,0.916,True,False
S3,move_over_premium,3/2/1 at p80/p90,286,0,0.0,0,0,248,208599.03,266512.65,931.86,1869.92,59.1,-43619.99,95827.77,1.85,-43619.99,102617.03,1.23,127.8,0.0,6.6,,729.37,34.4,2.7,10.0,0.075,192,0,0.0,0,0,169,141077.06,94614.29,492.78,1909.82,65.1,-23458.02,99056.34,1.04,-28693.34,101427.07,1.17,67.1,18.2,2.3,,734.78,-30.6,2.72,9.3,0.8185,True,False
S3,ce_pe_imb_abs,3/2/1/0 at p70/p85/p95,286,15,5.2,9,6,238,208599.03,163982.38,573.36,1035.27,55.6,-43619.99,92266.93,1.1,-43619.99,102617.03,1.23,78.6,0.0,10.1,1752.13,672.76,-11.3,2.5,16.7,0.4995,192,6,3.1,5,1,164,141077.06,96477.52,502.49,1308.5,62.5,-27850.42,80035.12,0.87,-28693.34,101427.07,1.17,68.4,2.9,21.1,4095.03,626.38,-10.5,2.54,15.3,0.5375,False,False
S3,ce_pe_imb_abs,3/2/1 at p80/p90,286,0,0.0,0,0,244,208599.03,176472.46,617.04,1328.02,59.1,-43619.99,92869.18,1.12,-43619.99,102617.03,1.23,84.6,0.0,9.5,,729.37,-5.9,2.7,10.0,0.4785,192,0,0.0,0,0,166,141077.06,105453.54,549.24,1487.84,65.1,-28693.34,98481.19,0.91,-28693.34,101427.07,1.17,74.7,0.0,2.9,,734.78,-22.4,2.74,8.7,0.7375,False,False
S3,prev_range_pct,3/2/1/0 at p70/p85/p95,286,15,5.2,11,4,232,208599.03,64195.58,224.46,880.17,54.9,-32384.92,120235.43,0.44,-43619.99,102617.03,1.23,30.8,25.8,-17.2,5687.84,454.91,-86.4,2.5,16.7,0.978,192,14,7.3,8,6,156,141077.06,80493.03,419.23,1195.37,60.9,-28693.34,114287.92,0.79,-28693.34,101427.07,1.17,57.1,0.0,-12.7,257.71,772.3,-55.6,2.4,20.0,0.8605,False,False
S3,prev_range_pct,3/2/1 at p80/p90,286,0,0.0,0,0,242,208599.03,81015.57,283.27,1543.55,59.1,-43619.99,130592.32,0.52,-43619.99,102617.03,1.23,38.8,0.0,-27.3,,729.37,-88.5,2.7,10.0,1.0,192,0,0.0,0,0,166,141077.06,89360.22,465.42,1333.7,65.1,-28693.34,112646.97,0.86,-28693.34,101427.07,1.17,63.3,0.0,-11.1,,734.78,-47.8,2.6,13.3,0.8935,False,False
S3,premium_pct,3/2/1/0 at p70/p85/p95,286,15,5.2,10,5,228,208599.03,96186.93,336.32,983.66,55.6,-43619.99,101429.5,0.65,-43619.99,102617.03,1.23,46.1,0.0,1.2,5269.98,478.04,-52.7,2.5,16.7,0.88,192,28,14.6,16,12,141,141077.06,156033.83,812.68,856.76,56.8,-28693.34,65597.09,1.4,-28693.34,101427.07,1.17,110.6,0.0,35.3,-1089.23,1046.19,45.9,2.24,25.3,0.139,False,False
S3,premium_pct,3/2/1 at p80/p90,286,0,0.0,0,0,239,208599.03,127722.78,446.58,1272.27,59.1,-43619.99,98922.18,0.83,-43619.99,102617.03,1.23,61.2,0.0,3.6,,729.37,-35.2,2.7,10.0,0.8585,192,0,0.0,0,0,166,141077.06,144625.7,753.26,1298.59,64.6,-28693.34,77651.26,1.26,-28693.34,101427.07,1.17,102.5,0.0,23.4,,734.78,25.9,2.53,15.7,0.202,False,False
S1,is_expiry,"expiry -> 2 lots, else 3",287,0,0.0,0,0,244,403715.03,376291.74,1311.12,3148.25,63.1,-59774.34,79723.24,2.0,-89614.31,116075.59,1.77,93.2,33.3,31.3,,1406.67,24.5,2.79,7.0,0.048,192,0,0.0,0,0,159,255406.41,199580.8,1039.48,2948.96,69.3,-42668.98,98086.65,1.56,-42668.98,90059.46,1.67,78.1,0.0,-8.9,,1330.24,-30.8,2.79,7.0,0.9795,True,False
S1,is_expiry,"expiry -> 1 lots, else 3",287,0,0.0,0,0,244,403715.03,348868.46,1215.57,2670.21,63.1,-48218.38,66016.77,2.18,-89614.31,116075.59,1.77,86.4,46.2,43.1,,1406.67,29.5,2.57,14.3,0.0505,192,0,0.0,0,0,159,255406.41,143755.17,748.72,2700.8,69.3,-42668.98,110492.75,1.31,-42668.98,90059.46,1.67,56.3,0.0,-22.7,,1330.24,-66.4,2.57,14.3,0.9735,True,False
S1,is_expiry,"expiry -> 0 lots, else 3",287,61,21.3,38,23,183,403715.03,327203.6,1140.08,0.0,49.8,-48218.38,55959.84,2.19,-89614.31,116075.59,1.77,81.0,46.2,51.8,1254.29,1447.8,32.8,2.36,21.3,0.0535,192,41,21.4,25,16,118,255406.41,91799.96,478.12,1513.18,56.2,-42668.98,129209.37,0.89,-42668.98,90059.46,1.67,35.9,0.0,-43.5,3990.4,607.95,-107.6,2.36,21.3,0.9725,True,False
S2,is_expiry,"expiry -> 2 lots, else 3",286,0,0.0,0,0,266,85298.98,74743.39,261.34,413.78,54.9,-11766.07,36917.9,1.05,-16220.26,50764.46,0.98,87.6,27.5,27.3,,298.25,14.9,2.79,7.0,0.123,192,0,0.0,0,0,183,35906.26,15044.62,78.36,599.78,59.9,-10777.16,82337.09,0.28,-14979.81,97185.83,0.51,41.9,28.1,15.3,,187.01,-42.8,2.79,7.0,0.8615,False,False
S2,is_expiry,"expiry -> 1 lots, else 3",286,0,0.0,0,0,266,85298.98,64187.78,224.43,384.09,54.5,-11766.07,31083.69,1.07,-16220.26,50764.46,0.98,75.3,27.5,38.8,,298.25,14.1,2.57,14.3,0.19,192,0,0.0,0,0,183,35906.26,-5816.98,-30.3,599.78,59.4,-10777.16,67488.29,-0.15,-14979.81,97185.83,0.51,-16.2,28.1,30.6,,187.01,-85.6,2.57,14.3,0.8585,False,False
S2,is_expiry,"expiry -> 0 lots, else 3",286,61,21.3,31,30,205,85298.98,65148.99,227.79,0.0,44.1,-11766.07,31496.8,1.17,-16220.26,50764.46,0.98,76.4,27.5,38.0,330.33,289.55,14.4,2.36,21.3,0.2865,192,41,21.4,22,19,142,35906.26,-18937.82,-98.63,0.0,48.4,-10777.16,63487.0,-0.55,-14979.81,97185.83,0.51,-52.7,28.1,34.7,1337.66,-125.42,-118.0,2.36,21.3,0.8855,False,False
S3,is_expiry,"expiry -> 2 lots, else 3",286,0,0.0,0,0,259,208599.03,193590.26,676.89,1845.42,59.1,-29142.93,77441.19,1.36,-43619.99,102617.03,1.23,92.8,33.2,24.5,,729.37,17.3,2.79,7.0,0.133,192,0,0.0,0,0,173,141077.06,100270.01,522.24,1933.32,65.1,-23458.02,95860.29,1.03,-28693.34,101427.07,1.17,71.1,18.2,5.5,,734.78,-23.4,2.79,7.0,0.8415,False,False
S3,is_expiry,"expiry -> 1 lots, else 3",286,0,0.0,0,0,259,208599.03,178581.54,624.41,1583.23,59.1,-29087.1,59262.59,1.44,-43619.99,102617.03,1.23,85.6,33.3,42.2,,729.37,27.8,2.57,14.3,0.146,192,0,0.0,0,0,173,141077.06,59462.94,309.7,1737.82,64.6,-23458.02,97004.02,0.74,-28693.34,101427.07,1.17,42.1,18.2,4.4,,734.78,-53.5,2.57,14.3,0.876,False,False
S3,is_expiry,"expiry -> 0 lots, else 3",286,61,21.3,35,26,198,208599.03,175089.55,612.2,0.0,46.9,-29087.1,46168.9,1.49,-43619.99,102617.03,1.23,83.9,33.3,55.0,549.34,778.18,38.9,2.36,21.3,0.13,192,41,21.4,24,17,132,141077.06,26396.67,137.48,543.62,52.6,-23458.02,105733.86,0.36,-28693.34,101427.07,1.17,18.7,18.2,-4.2,2797.08,174.81,-85.5,2.36,21.3,0.909,False,False
