strategy,stop,level_rs,all_net,all_worst_day,all_max_dd,all_t,all_profit_retained_pct,all_worst_day_reduction_pct,all_max_dd_reduction_pct,all_score,all_triggered,all_trigger_pct,all_avg_stopped_result,all_avg_if_held,all_held_would_have_been_better_pct,all_held_would_have_finished_profitable_pct,all_prematurely_stopped_winners,all_avg_recovery_if_held,all_net_gain_from_stopping,train_net,train_worst_day,train_max_dd,train_t,train_profit_retained_pct,train_worst_day_reduction_pct,train_max_dd_reduction_pct,train_score,train_triggered,train_trigger_pct,train_avg_stopped_result,train_avg_if_held,train_held_would_have_been_better_pct,train_held_would_have_finished_profitable_pct,train_prematurely_stopped_winners,train_avg_recovery_if_held,train_net_gain_from_stopping,valid_net,valid_worst_day,valid_max_dd,valid_t,valid_profit_retained_pct,valid_worst_day_reduction_pct,valid_max_dd_reduction_pct,valid_score,valid_triggered,valid_trigger_pct,valid_avg_stopped_result,valid_avg_if_held,valid_held_would_have_been_better_pct,valid_held_would_have_finished_profitable_pct,valid_prematurely_stopped_winners,valid_avg_recovery_if_held,valid_net_gain_from_stopping
S1,"Rs 5,000",5000.0,430675.02,-11961.69,148948.38,2.39,65.3,86.7,-28.3,-63.0,220,45.9,-6232.0,-5194.0,60.9,35.9,79,1038.0,-228446.0,267720.15,-11961.69,80857.32,1.81,66.3,86.7,30.3,-3.4,139,48.4,-6281.0,-5302.0,59.0,35.3,49,978.0,-135995.0,162954.87,-10686.19,148948.38,1.58,63.8,75.0,-65.4,-101.6,81,42.2,-6148.0,-5007.0,64.2,37.0,30,1141.0,-92452.0
S1,"Rs 7,500",7500.0,307563.58,-13625.42,195071.51,1.54,46.7,84.8,-68.1,-121.4,180,37.6,-8827.0,-6874.0,64.4,31.1,56,1953.0,-351558.0,214069.33,-12703.88,82102.98,1.32,53.0,85.8,29.3,-17.7,112,39.0,-8804.0,-7110.0,63.4,30.4,34,1693.0,-189646.0,93494.25,-13625.42,188823.21,0.8,36.6,68.1,-109.7,-173.1,68,35.4,-8866.0,-6485.0,66.2,32.4,22,2381.0,-161912.0
S1,"Rs 10,000",10000.0,332985.29,-15641.54,214850.5,1.57,50.5,82.5,-85.1,-134.6,141,29.4,-11313.0,-9000.0,63.8,24.8,35,2313.0,-326136.0,208530.81,-15277.04,61639.64,1.21,51.7,83.0,46.9,-1.4,88,30.7,-11330.0,-9112.0,64.8,27.3,24,2218.0,-195184.0,124454.48,-15641.54,214850.5,1.0,48.7,63.3,-138.6,-189.9,53,27.6,-11284.0,-8813.0,62.3,20.8,11,2471.0,-130952.0
S1,"Rs 12,500",12500.0,535208.21,-17683.2,158177.07,2.42,81.2,80.3,-36.3,-55.1,104,21.7,-13723.0,-12532.0,60.6,16.3,17,1191.0,-123913.0,324320.59,-17683.2,63528.78,1.81,80.3,80.3,45.3,25.6,66,23.0,-13751.0,-12548.0,60.6,19.7,13,1203.0,-79394.0,210887.62,-16254.04,158177.07,1.63,82.6,61.9,-75.6,-93.0,38,19.8,-13674.0,-12502.0,60.5,10.5,4,1172.0,-44519.0
S1,"Rs 15,000",15000.0,475579.98,-22722.67,166924.21,2.04,72.2,74.6,-43.8,-71.6,84,17.5,-16548.0,-14363.0,66.7,14.3,12,2185.0,-183541.0,272575.81,-22722.67,73478.76,1.44,67.5,74.6,36.7,4.2,55,19.2,-16492.0,-14108.0,69.1,16.4,9,2384.0,-131139.0,203004.17,-21007.45,166924.21,1.49,79.5,50.8,-85.3,-105.8,29,15.1,-16654.0,-14847.0,62.1,10.3,3,1807.0,-52402.0
S1,"train P70 of daily max loss (Rs 10,249)",10249.0,326658.6,-15641.54,220605.57,1.52,49.6,82.5,-90.1,-140.5,139,29.0,-11573.0,-9182.0,63.3,24.5,34,2392.0,-332463.0,217731.08,-15277.04,61727.43,1.25,53.9,83.0,46.8,0.7,86,30.0,-11572.0,-9409.0,64.0,26.7,23,2163.0,-185984.0,108927.52,-15641.54,220605.57,0.87,42.6,63.3,-145.0,-202.4,53,27.6,-11577.0,-8813.0,62.3,20.8,11,2764.0,-146479.0
S1,"train P80 of daily max loss (Rs 14,251)",14251.0,477169.9,-22722.67,161903.22,2.08,72.4,74.6,-39.5,-67.1,90,18.8,-15675.0,-13654.0,62.2,15.6,14,2022.0,-181952.0,286797.6,-22722.67,72189.04,1.54,71.0,74.6,37.8,8.8,58,20.2,-15696.0,-13681.0,65.5,17.2,10,2016.0,-116917.0,190372.3,-19315.04,161903.22,1.42,74.5,54.7,-79.8,-105.3,32,16.7,-15637.0,-13605.0,56.2,12.5,4,2032.0,-65034.0
S1,"train P90 of daily max loss (Rs 20,944)",20944.0,648124.37,-25459.36,147476.57,2.7,98.3,71.6,-27.1,-28.8,45,9.4,-22268.0,-22023.0,57.8,11.1,5,244.0,-10997.0,409633.94,-24730.87,78755.33,2.09,101.5,72.4,32.2,33.7,29,10.1,-22272.0,-22476.0,62.1,13.8,4,-204.0,5919.0,238490.43,-25459.36,147476.57,1.7,93.4,40.3,-63.8,-70.4,16,8.3,-22261.0,-21203.0,50.0,6.2,1,1057.0,-16916.0
S1,"train P95 of daily max loss (Rs 29,442)",29442.0,710390.23,-33322.45,93930.78,2.84,107.8,62.8,19.1,26.9,22,4.6,-30929.0,-33260.0,40.9,9.1,2,-2330.0,51269.0,425320.89,-33322.45,93930.78,2.09,105.4,62.8,19.1,24.5,15,5.2,-31028.0,-32468.0,40.0,13.3,2,-1440.0,21606.0,285069.34,-33113.77,77320.3,1.96,111.6,22.4,14.1,25.7,7,3.6,-30718.0,-34956.0,42.9,0.0,0,-4238.0,29663.0
S2,"Rs 5,000",5000.0,34626.43,-7451.79,119429.07,0.34,28.6,54.1,-22.9,-94.3,109,22.8,-5749.0,-4955.0,49.5,10.1,11,794.0,-86579.0,16118.76,-7441.82,55985.82,0.2,18.9,54.1,-10.3,-91.4,68,23.8,-5701.0,-4683.0,54.4,13.2,9,1017.0,-69180.0,18507.67,-7451.79,103834.54,0.3,51.5,50.3,-6.8,-55.3,41,21.4,-5829.0,-5405.0,41.5,4.9,2,424.0,-17399.0
S2,"Rs 7,500",7500.0,66827.39,-9198.42,122566.92,0.62,55.1,43.3,-26.1,-71.0,45,9.4,-8205.0,-6997.0,35.6,8.9,4,1208.0,-54378.0,53115.94,-9067.11,41361.69,0.63,62.3,44.1,18.5,-19.2,27,9.4,-8115.0,-6923.0,33.3,11.1,3,1192.0,-32183.0,13711.45,-9198.42,122566.92,0.21,38.2,38.6,-26.1,-87.9,18,9.4,-8340.0,-7107.0,38.9,5.6,1,1233.0,-22195.0
S2,"Rs 10,000",10000.0,103277.59,-12626.97,129006.96,0.94,85.2,22.2,-32.7,-47.5,19,4.0,-10531.0,-9587.0,42.1,5.3,1,944.0,-17928.0,97343.65,-10992.41,43091.06,1.14,114.1,32.2,15.1,29.2,10,3.5,-10236.0,-11440.0,30.0,0.0,0,-1204.0,12045.0,5933.94,-12626.97,129006.96,0.09,16.5,15.7,-32.7,-116.2,9,4.7,-10859.0,-7529.0,55.6,11.1,1,3330.0,-29972.0
S2,"Rs 12,500",12500.0,119066.9,-14806.97,96276.92,1.06,98.2,8.7,0.9,-0.9,5,1.0,-13047.0,-12619.0,60.0,0.0,0,428.0,-2138.0,82251.73,-14806.97,48659.84,0.94,96.4,8.7,4.1,0.5,4,1.4,-12791.0,-12029.0,75.0,0.0,0,762.0,-3047.0,36815.17,-14070.9,96276.92,0.52,102.5,6.1,0.9,3.4,1,0.5,-14071.0,-14980.0,0.0,0.0,0,-909.0,909.0
S2,"Rs 15,000",15000.0,116028.97,-15548.2,97185.83,1.03,95.7,4.1,0.0,-4.3,2,0.4,-15502.0,-12913.0,50.0,0.0,0,2588.0,-5176.0,80122.71,-15548.2,55940.73,0.91,93.9,4.1,-10.2,-16.3,2,0.7,-15502.0,-12913.0,50.0,0.0,0,2588.0,-5176.0,35906.26,-14979.81,97185.83,0.51,100.0,0.0,0.0,0.0,0,0.0,,,,,0,,0.0
S2,"train P70 of daily max loss (Rs 4,091)",4091.0,45516.09,-6457.46,107384.72,0.47,37.6,60.2,-10.5,-72.9,132,27.6,-4896.0,-4322.0,44.7,12.1,16,573.0,-75689.0,25095.64,-6206.13,56027.25,0.33,29.4,61.7,-10.4,-81.0,86,30.1,-4808.0,-4108.0,50.0,15.1,13,700.0,-60203.0,20420.45,-6457.46,94694.75,0.35,56.9,56.9,2.6,-40.5,46,24.0,-5061.0,-4724.0,34.8,6.5,3,337.0,-15486.0
S2,"train P80 of daily max loss (Rs 5,733)",5733.0,49195.24,-7451.79,116065.49,0.47,40.6,54.1,-19.4,-78.8,88,18.4,-6477.0,-5659.0,48.9,8.0,7,818.0,-72010.0,22705.69,-7441.82,44467.78,0.27,26.6,54.1,12.4,-61.0,57,19.9,-6436.0,-5338.0,49.1,10.5,6,1098.0,-62593.0,26489.55,-7451.79,116065.49,0.41,73.8,50.3,-19.4,-45.6,31,16.1,-6553.0,-6249.0,48.4,3.2,1,304.0,-9417.0
S2,"train P90 of daily max loss (Rs 7,279)",7279.0,69896.3,-9198.42,120362.53,0.66,57.7,43.3,-23.8,-66.1,47,9.8,-8015.0,-6923.0,38.3,8.5,4,1092.0,-51309.0,53233.42,-8843.35,41078.12,0.64,62.4,45.5,19.1,-18.5,29,10.1,-7914.0,-6808.0,37.9,10.3,3,1106.0,-32066.0,16662.88,-9198.42,120362.53,0.25,46.4,38.6,-23.8,-77.4,18,9.4,-8176.0,-7107.0,38.9,5.6,1,1069.0,-19243.0
S2,"train P95 of daily max loss (Rs 9,123)",9123.0,80634.43,-10992.41,119687.96,0.74,66.5,32.2,-23.2,-56.7,24,5.0,-9683.0,-7993.0,29.2,12.5,3,1690.0,-40571.0,65381.49,-10992.41,42715.2,0.76,76.6,32.2,15.9,-7.5,15,5.2,-9599.0,-8271.0,33.3,13.3,2,1328.0,-19917.0,15252.94,-10630.48,119687.96,0.23,42.5,29.0,-23.2,-80.7,9,4.7,-9824.0,-7529.0,22.2,11.1,1,2295.0,-20653.0
S3,"Rs 5,000",5000.0,141843.52,-10123.57,225030.82,0.92,40.6,76.8,-119.3,-178.7,202,42.3,-6182.0,-5153.0,58.9,29.2,59,1029.0,-207833.0,137377.45,-9464.05,104480.58,1.1,65.9,78.3,-1.8,-35.9,124,43.4,-6126.0,-5552.0,56.5,27.4,34,574.0,-71222.0,4466.07,-10123.57,177052.03,0.05,3.2,64.7,-74.6,-171.4,78,40.6,-6270.0,-4519.0,62.8,32.1,25,1751.0,-136611.0
S3,"Rs 7,500",7500.0,141193.57,-11582.59,196040.01,0.84,40.4,73.4,-91.0,-150.6,149,31.2,-8632.0,-7232.0,57.0,22.8,34,1399.0,-208483.0,92949.29,-9970.74,71067.39,0.68,44.6,77.1,30.7,-24.7,95,33.2,-8586.0,-7369.0,54.7,24.2,23,1217.0,-115650.0,48244.28,-11582.59,196040.01,0.49,34.2,59.6,-93.3,-159.1,54,28.1,-8712.0,-6992.0,61.1,20.4,11,1719.0,-92833.0
S3,"Rs 10,000",10000.0,131877.88,-13955.88,171391.91,0.72,37.7,68.0,-67.0,-129.3,115,24.1,-11227.0,-9333.0,60.0,16.5,19,1894.0,-217798.0,56911.4,-13955.88,64442.14,0.38,27.3,68.0,37.2,-35.5,76,26.6,-11236.0,-9240.0,60.5,18.4,14,1996.0,-151688.0,74966.48,-13427.74,171391.91,0.69,53.1,53.2,-69.0,-115.9,39,20.3,-11211.0,-9516.0,59.0,12.8,5,1695.0,-66111.0
S3,"Rs 12,500",12500.0,199606.37,-16778.92,193603.72,1.04,57.1,61.5,-88.7,-131.6,83,17.4,-13627.0,-11819.0,57.8,8.4,7,1808.0,-150070.0,119684.65,-16778.92,61260.0,0.78,57.4,61.5,40.3,-2.3,52,18.2,-13665.0,-11955.0,55.8,11.5,6,1710.0,-88914.0,79921.72,-16076.07,193603.72,0.7,56.7,44.0,-90.9,-134.2,31,16.1,-13565.0,-11592.0,61.3,3.2,1,1973.0,-61155.0
S3,"Rs 15,000",15000.0,205573.61,-17838.59,200209.21,1.04,58.8,59.1,-95.1,-136.3,61,12.8,-16056.0,-13694.0,52.5,8.2,5,2362.0,-144102.0,131895.21,-17455.42,64830.35,0.83,63.2,60.0,36.8,0.0,39,13.6,-16024.0,-14057.0,51.3,10.3,4,1967.0,-76704.0,73678.4,-17838.59,200209.21,0.63,52.2,37.8,-97.4,-145.2,22,11.5,-16113.0,-13050.0,54.5,4.5,1,3064.0,-67399.0
S3,"train P70 of daily max loss (Rs 8,245)",8245.0,199344.48,-13955.88,204508.17,1.15,57.0,68.0,-99.3,-142.3,134,28.0,-9361.0,-8239.0,55.2,18.7,25,1122.0,-150332.0,145346.44,-13955.88,54539.29,1.03,69.7,68.0,46.9,16.6,86,30.1,-9307.0,-8571.0,52.3,18.6,16,735.0,-63253.0,53998.04,-12380.52,204508.17,0.54,38.3,56.9,-101.6,-163.3,48,25.0,-9458.0,-7644.0,60.4,18.8,9,1814.0,-87079.0
S3,"train P80 of daily max loss (Rs 11,495)",11495.0,214185.01,-16778.92,176343.56,1.14,61.3,61.5,-71.8,-110.5,91,19.0,-12641.0,-11152.0,58.2,9.9,9,1489.0,-135491.0,107837.51,-16778.92,63196.13,0.71,51.7,61.5,38.4,-9.9,58,20.3,-12698.0,-10961.0,58.6,13.8,8,1737.0,-100762.0,106347.5,-13899.74,176343.56,0.96,75.4,51.6,-73.9,-98.5,33,17.2,-12540.0,-11487.0,57.6,3.0,1,1052.0,-34730.0
S3,"train P90 of daily max loss (Rs 17,291)",17291.0,246966.28,-22472.53,178127.91,1.23,70.6,48.5,-73.6,-103.0,44,9.2,-18306.0,-15972.0,52.3,9.1,4,2334.0,-102710.0,159006.63,-22472.53,74835.78,0.98,76.2,48.5,27.1,3.3,29,10.1,-18306.0,-16596.0,55.2,10.3,3,1710.0,-49592.0,87959.65,-19827.97,178127.91,0.75,62.3,30.9,-75.6,-113.3,15,7.8,-18307.0,-14765.0,46.7,6.7,1,3541.0,-53117.0
S3,"train P95 of daily max loss (Rs 21,057)",21057.0,284381.34,-24896.79,156622.06,1.41,81.3,42.9,-52.6,-71.3,23,4.8,-22164.0,-19325.0,47.8,8.7,2,2839.0,-65295.0,186766.58,-24896.79,91303.69,1.13,89.5,42.9,11.0,0.5,15,5.2,-22164.0,-20709.0,46.7,6.7,1,1455.0,-21832.0,97614.76,-22659.4,156622.06,0.83,69.2,21.0,-54.4,-85.2,8,4.2,-22164.0,-16731.0,50.0,12.5,1,5433.0,-43462.0
