strategy,exit_bar_close,all_net,all_avg_day,all_win_pct,all_worst_day,all_max_dd,all_t,all_profit_retained_pct,all_max_dd_reduction_pct,all_score,all_p5_day,all_avg_expiry_days,all_avg_other_days,train_net,train_avg_day,train_win_pct,train_worst_day,train_max_dd,train_t,train_profit_retained_pct,train_max_dd_reduction_pct,train_score,train_p5_day,train_avg_expiry_days,train_avg_other_days,valid_net,valid_avg_day,valid_win_pct,valid_worst_day,valid_max_dd,valid_t,valid_profit_retained_pct,valid_max_dd_reduction_pct,valid_score,valid_p5_day,valid_avg_expiry_days,valid_avg_other_days
S1,11:00,119414.07,249.3,60.8,-24361.4,122684.26,0.96,18.1,-5.7,-87.6,-9891.0,1816.0,-175.0,-51441.73,-179.24,56.1,-24361.4,122684.26,-0.46,-12.7,-5.7,-118.4,-11691.0,878.0,-465.0,170855.8,889.87,67.7,-14413.34,42565.18,3.29,66.9,52.7,19.6,-4676.0,3211.0,260.0
S1,12:00,222919.32,465.38,64.3,-46841.55,101306.63,1.4,33.8,12.7,-53.5,-11304.0,1560.0,169.0,-16310.55,-56.83,61.0,-46841.55,101306.63,-0.11,-4.0,12.7,-91.3,-14285.0,-25.0,-66.0,239229.87,1245.99,69.3,-22874.57,36653.48,3.35,93.7,59.3,53.0,-6936.0,3917.0,521.0
S1,13:00,146732.19,306.33,61.8,-70466.55,106314.13,0.79,22.3,8.4,-69.3,-14571.0,1551.0,-30.0,4766.67,16.61,61.0,-70466.55,106314.13,0.03,1.2,8.4,-90.4,-16203.0,240.0,-44.0,141965.52,739.4,63.0,-22933.09,73400.22,1.56,55.6,18.5,-25.9,-11740.0,3501.0,-10.0
S1,14:00,167032.89,348.71,62.6,-90960.4,135108.25,0.71,25.3,-16.4,-91.1,-18058.0,462.0,318.0,49517.62,172.54,61.7,-90960.4,135108.25,0.24,12.3,-16.4,-104.1,-18508.0,-1158.0,532.0,117515.27,612.06,64.1,-29393.96,94219.49,1.03,46.0,-4.6,-58.6,-14919.0,2872.0,-1.0
S1,14:30,234255.69,489.05,63.3,-88549.13,159752.35,0.94,35.5,-37.6,-102.1,-17015.0,1171.0,305.0,39250.1,136.76,62.4,-88549.13,159752.35,0.18,9.7,-37.6,-127.9,-17446.0,-936.0,426.0,195005.59,1015.65,64.6,-36264.42,62996.01,1.62,76.4,30.1,6.5,-13851.0,4306.0,122.0
S1,15:00,404145.11,843.73,62.6,-90219.07,141418.22,1.51,61.3,-21.8,-60.5,-17051.0,2203.0,476.0,259977.1,905.84,61.7,-90219.07,141418.22,1.14,64.4,-21.8,-57.4,-17620.0,846.0,922.0,144168.01,750.88,64.1,-37259.36,140289.38,1.03,56.4,-55.8,-99.4,-16854.0,4223.0,-192.0
S1,15:15,404943.11,845.39,62.4,-89222.18,151281.34,1.51,61.4,-30.3,-68.9,-18295.0,2253.0,465.0,271253.17,945.13,61.7,-89222.18,151281.34,1.2,67.2,-30.3,-63.1,-17303.0,1318.0,845.0,133689.94,696.3,63.5,-36719.47,132025.68,0.93,52.3,-46.6,-94.3,-20245.0,3643.0,-104.0
S1,15:29,659121.44,1376.04,65.6,-89614.31,116075.59,2.4,100.0,0.0,0.0,-17443.0,2354.0,1111.0,403715.03,1406.67,63.1,-89614.31,116075.59,1.77,100.0,0.0,0.0,-17771.0,1254.0,1448.0,255406.41,1330.24,69.3,-42668.98,90059.46,1.67,100.0,0.0,0.0,-17305.0,3990.0,608.0
S2,11:00,-133437.77,-279.16,44.1,-7534.61,138350.61,-2.72,-110.1,-42.4,-252.5,-4168.0,190.0,-406.0,-125374.28,-438.37,43.7,-7534.61,125586.89,-2.81,-147.0,-147.4,-394.4,-4769.0,-289.0,-479.0,-8063.49,-42.0,44.8,-5694.11,30211.75,-0.4,-22.5,68.9,-53.6,-1948.0,903.0,-299.0
S2,12:00,-88994.55,-186.18,51.9,-9874.95,111095.22,-1.5,-73.4,-14.3,-187.7,-4966.0,113.0,-267.0,-109053.03,-381.3,50.0,-9874.95,110520.15,-2.09,-127.8,-117.7,-345.5,-5712.0,-646.0,-310.0,20058.48,104.47,54.7,-5986.25,18519.33,0.74,55.9,80.9,36.8,-3287.0,1242.0,-204.0
S2,13:00,-123298.47,-257.95,51.0,-12036.49,125551.0,-1.83,-101.7,-29.2,-230.9,-5747.0,25.0,-335.0,-108197.16,-378.31,49.3,-12036.49,116382.72,-1.89,-126.8,-129.3,-356.1,-6365.0,-660.0,-302.0,-15101.31,-78.65,53.6,-6607.09,47091.23,-0.42,-42.1,51.5,-90.6,-4536.0,1044.0,-383.0
S2,14:00,-82080.43,-171.72,52.5,-15353.1,98534.3,-1.01,-67.7,-1.4,-169.1,-6457.0,-157.0,-176.0,-71975.81,-251.66,52.4,-15353.1,72905.43,-1.05,-84.4,-43.6,-228.0,-6945.0,-935.0,-66.0,-10104.62,-52.63,52.6,-11987.2,61488.01,-0.23,-28.1,36.7,-91.4,-5342.0,1000.0,-339.0
S2,14:30,-71684.03,-149.97,53.1,-16232.52,92037.54,-0.78,-59.1,5.3,-153.8,-7047.0,-50.0,-177.0,-86150.85,-301.23,52.8,-16232.52,92037.54,-1.12,-101.0,-81.3,-282.3,-7749.0,-1015.0,-108.0,14466.82,75.35,53.6,-8841.64,52809.33,0.29,40.3,45.7,-14.0,-5635.0,1385.0,-280.0
S2,15:00,16158.87,33.81,53.8,-16633.39,104160.74,0.15,13.3,-7.2,-93.9,-7541.0,764.0,-164.0,28948.93,101.22,52.4,-16633.39,47468.28,0.34,33.9,6.5,-59.6,-7832.0,330.0,39.0,-12790.06,-66.61,55.7,-12861.03,104160.74,-0.2,-35.6,-7.2,-142.8,-7365.0,1410.0,-468.0
S2,15:15,-12795.27,-26.77,54.2,-16533.06,119901.48,-0.12,-10.6,-23.4,-134.0,-8241.0,644.0,-209.0,15897.9,55.59,52.4,-16533.06,54767.97,0.18,18.6,-7.9,-89.3,-8122.0,348.0,-24.0,-28693.17,-149.44,56.8,-14806.46,119901.48,-0.42,-79.9,-23.4,-203.3,-8117.0,1083.0,-484.0
S2,15:29,121205.24,253.57,56.9,-16220.26,97185.83,1.08,100.0,0.0,0.0,-8426.0,735.0,123.0,85298.98,298.25,54.9,-16220.26,50764.46,0.98,100.0,0.0,0.0,-8550.0,330.0,290.0,35906.26,187.01,59.9,-14979.81,97185.83,0.51,100.0,0.0,0.0,-8012.0,1338.0,-125.0
S3,11:00,-42482.25,-88.87,55.2,-16726.12,139842.08,-0.44,-12.1,-36.3,-148.4,-8085.0,983.0,-380.0,-122250.21,-427.45,52.4,-16726.12,139842.08,-1.42,-58.6,-36.3,-194.9,-9514.0,167.0,-589.0,79767.96,415.46,59.4,-12905.54,42212.43,1.96,56.5,58.4,14.9,-4093.0,2197.0,-68.0
S3,12:00,28497.87,59.62,60.0,-22619.8,127843.51,0.24,8.1,-24.6,-116.5,-9890.0,740.0,-125.0,-110183.74,-385.26,56.3,-22619.8,127843.51,-1.04,-52.8,-24.6,-177.4,-11495.0,-659.0,-311.0,138681.61,722.3,65.6,-13158.74,30640.28,2.54,98.3,69.8,68.1,-6265.0,2822.0,152.0
S3,13:00,-33927.24,-70.98,55.6,-23725.74,121629.17,-0.25,-9.7,-18.5,-128.2,-11735.0,727.0,-287.0,-89141.75,-311.68,54.2,-23725.74,121629.17,-0.76,-42.7,-18.5,-161.2,-14009.0,-368.0,-296.0,55214.51,287.58,57.8,-14554.42,63978.7,0.78,39.1,36.9,-24.0,-8939.0,2357.0,-274.0
S3,14:00,12674.48,26.52,59.8,-31575.65,125174.21,0.08,3.6,-22.0,-118.4,-14620.0,74.0,14.0,-25643.81,-89.66,59.4,-31575.65,125174.21,-0.18,-12.3,-22.0,-134.3,-15402.0,-1072.0,177.0,38318.29,199.57,60.4,-24503.53,94554.95,0.43,27.2,6.8,-66.0,-12334.0,1778.0,-229.0
S3,14:30,49848.64,104.29,59.4,-38014.46,166534.27,0.27,14.3,-62.3,-148.0,-14238.0,465.0,6.0,-47576.24,-166.35,58.7,-38014.46,166534.27,-0.31,-22.8,-62.3,-185.1,-16674.0,-1132.0,96.0,97424.88,507.42,60.4,-25512.69,60168.5,1.01,69.1,40.7,9.8,-12186.0,2843.0,-127.0
S3,15:00,158909.61,332.45,60.7,-44130.48,136328.14,0.79,45.4,-32.9,-87.5,-15826.0,1369.0,51.0,111416.87,389.57,59.4,-44130.48,95517.7,0.66,53.4,6.9,-39.7,-15834.0,340.0,403.0,47492.74,247.36,62.5,-24219.85,136328.14,0.42,33.7,-34.4,-100.7,-15741.0,2899.0,-473.0
S3,15:15,131863.35,275.86,58.8,-44166.45,149386.57,0.65,37.7,-45.6,-107.9,-16405.0,1333.0,-11.0,99074.91,346.42,57.0,-44166.45,103715.28,0.6,47.5,-1.1,-53.6,-16465.0,600.0,278.0,32788.44,170.77,61.5,-27010.64,149386.57,0.29,23.2,-47.3,-124.1,-15567.0,2423.0,-441.0
S3,15:29,349676.09,731.54,61.5,-43619.99,102617.03,1.69,100.0,0.0,0.0,-16958.0,1453.0,536.0,208599.03,729.37,59.1,-43619.99,102617.03,1.23,100.0,0.0,0.0,-17352.0,549.0,778.0,141077.06,734.78,65.1,-28693.34,101427.07,1.17,100.0,0.0,0.0,-15516.0,2797.0,175.0
