strategy,level_rs,all_triggered,all_profit_retained_pct,all_worst_day,all_worst_day_reduction_pct,all_max_dd_reduction_pct,all_score,all_t,train_triggered,train_profit_retained_pct,train_worst_day,train_worst_day_reduction_pct,train_max_dd_reduction_pct,train_score,train_t,valid_triggered,valid_profit_retained_pct,valid_worst_day,valid_worst_day_reduction_pct,valid_max_dd_reduction_pct,valid_score,valid_t
S1,15000,84,72.2,-22722.67,74.6,-43.8,-71.6,2.04,55,67.5,-22722.67,74.6,36.7,4.2,1.44,29,79.5,-21007.45,50.8,-85.3,-105.8,1.49
S1,17500,61,95.7,-23275.49,74.0,-54.5,-58.8,2.67,37,108.7,-23275.49,74.0,41.2,49.9,2.31,24,75.1,-22013.06,48.4,-99.1,-124.0,1.37
S1,20000,50,98.8,-24730.87,72.4,-21.1,-22.3,2.72,32,100.4,-24730.87,72.4,33.3,33.7,2.07,18,96.3,-22338.88,47.6,-56.1,-59.8,1.78
S1,22500,36,104.6,-26005.8,71.0,-33.1,-28.5,2.86,21,115.9,-25996.3,71.0,44.5,60.4,2.4,15,86.8,-26005.8,39.1,-71.5,-84.7,1.55
S1,25000,29,108.4,-29130.6,67.5,29.1,37.5,2.9,19,107.3,-28408.19,68.3,38.9,46.2,2.17,10,109.9,-29130.6,31.7,8.6,18.5,1.94
S1,27500,26,103.4,-33113.77,63.0,31.4,34.8,2.71,18,99.5,-32318.98,63.9,31.4,30.9,1.96,8,109.6,-33113.77,22.4,16.1,25.7,1.92
S1,30000,19,115.3,-34640.23,61.3,32.2,47.5,3.08,12,118.3,-34640.23,61.3,34.3,52.6,2.4,7,110.5,-33113.77,22.4,12.6,23.1,1.93
S1,32500,15,116.3,-39002.65,56.5,28.7,45.0,3.07,11,120.2,-39002.65,56.5,28.7,48.9,2.4,4,110.0,-35089.87,17.8,8.4,18.4,1.92
S1,35000,13,116.6,-45192.58,49.6,25.7,42.3,3.06,9,124.9,-39002.65,56.5,25.7,50.6,2.51,4,103.4,-45192.58,-5.9,7.9,11.3,1.75
S1,37500,13,111.8,-45192.58,49.6,21.1,32.9,2.87,9,119.4,-44367.54,50.5,21.1,40.5,2.34,4,99.8,-45192.58,-5.9,3.9,3.7,1.66
S1,40000,12,107.8,-45192.58,49.6,13.1,20.9,2.72,9,114.3,-44367.54,50.5,13.1,27.4,2.2,3,97.4,-45192.58,-5.9,-0.3,-2.9,1.6
S1,42500,12,101.8,-56879.17,36.5,-4.4,-2.6,2.51,9,105.7,-56879.17,36.5,-4.4,1.3,1.96,3,95.7,-45228.65,-6.0,-0.3,-4.6,1.56
S1,45000,8,101.0,-56879.17,36.5,-13.0,-12.0,2.48,8,101.6,-56879.17,36.5,-13.0,-11.4,1.85,0,100.0,-42668.98,0.0,0.0,0.0,1.67
S1,47500,6,104.0,-56879.17,36.5,-5.8,-1.8,2.58,6,106.6,-56879.17,36.5,-5.8,0.8,1.98,0,100.0,-42668.98,0.0,0.0,0.0,1.67
S1,50000,5,104.0,-56879.17,36.5,-1.2,2.8,2.57,5,106.5,-56879.17,36.5,-1.2,5.3,1.97,0,100.0,-42668.98,0.0,0.0,0.0,1.67
S2,7000,51,60.9,-9198.42,43.3,-26.7,-65.8,0.69,31,68.1,-8843.35,45.5,18.8,-13.1,0.7,20,43.7,-9198.42,38.6,-26.7,-83.0,0.24
S2,8000,38,55.3,-10029.26,38.2,-25.4,-70.1,0.62,24,62.8,-9253.01,43.0,17.6,-19.6,0.64,14,37.5,-10029.26,33.0,-25.4,-87.9,0.2
S2,9000,25,69.5,-9849.26,39.3,-22.2,-52.7,0.78,16,78.5,-9809.34,39.5,15.9,-5.6,0.78,9,48.0,-9849.26,34.2,-22.2,-74.2,0.26
S2,10000,19,85.2,-12626.97,22.2,-32.7,-47.5,0.94,10,114.1,-10992.41,32.2,15.1,29.2,1.14,9,16.5,-12626.97,15.7,-32.7,-116.2,0.09
S2,11000,11,74.2,-12626.97,22.2,-35.4,-61.2,0.81,7,103.0,-12021.54,25.9,6.3,9.3,1.02,4,5.7,-12626.97,15.7,-35.4,-129.7,0.03
S2,12000,7,101.2,-12847.03,20.8,2.4,3.6,1.1,5,98.9,-12847.03,20.8,4.2,3.1,0.97,2,106.8,-12626.97,15.7,2.4,9.2,0.55
S2,13000,5,94.5,-14806.97,8.7,0.9,-4.6,1.02,4,91.1,-14806.97,8.7,-3.2,-12.1,0.88,1,102.5,-14070.9,6.1,0.9,3.4,0.52
S2,14000,4,94.8,-14806.97,8.7,0.6,-4.6,1.02,3,91.9,-14806.97,8.7,-5.3,-13.4,0.89,1,101.7,-14386.79,4.0,0.6,2.3,0.52
S2,15000,2,95.7,-15548.2,4.1,0.0,-4.3,1.03,2,93.9,-15548.2,4.1,-10.2,-16.3,0.91,0,100.0,-14979.81,0.0,0.0,0.0,0.51
S2,16000,1,99.9,-16371.82,-0.9,0.0,-0.1,1.08,1,99.8,-16371.82,-0.9,-0.3,-0.5,0.98,0,100.0,-14979.81,0.0,0.0,0.0,0.51
S2,17000,0,100.0,-16220.26,0.0,0.0,0.0,1.08,0,100.0,-16220.26,0.0,0.0,0.0,0.98,0,100.0,-14979.81,0.0,0.0,0.0,0.51
S3,12000,86,59.2,-16778.92,61.5,-80.4,-121.2,1.09,54,54.1,-16778.92,61.5,36.7,-9.2,0.74,32,66.7,-16076.07,44.0,-82.5,-115.8,0.84
S3,14500,64,61.0,-17838.59,59.1,-90.2,-129.2,1.09,41,67.3,-17209.5,60.5,39.7,7.0,0.89,23,51.8,-17838.59,37.8,-92.5,-140.7,0.63
S3,17000,46,58.9,-22472.53,48.5,-69.9,-111.0,1.03,31,54.7,-22472.53,48.5,28.1,-17.2,0.7,15,65.0,-19009.14,33.8,-71.9,-106.9,0.79
S3,19500,29,80.1,-22659.4,48.1,-48.1,-68.0,1.39,19,83.8,-22472.53,48.5,19.5,3.3,1.07,10,74.7,-22659.4,21.0,-49.8,-75.1,0.9
S3,22000,20,90.4,-24896.79,42.9,-56.2,-65.8,1.57,12,108.4,-24896.79,42.9,8.9,17.3,1.39,8,63.7,-24461.29,14.7,-58.0,-94.3,0.75
S3,24500,14,96.6,-28115.42,35.5,-15.1,-18.5,1.64,9,101.4,-27355.78,37.3,-4.2,-2.8,1.28,5,89.5,-28115.42,2.0,-16.5,-27.0,1.03
S3,27000,10,98.0,-28115.42,35.5,-9.1,-11.1,1.67,7,101.3,-27939.43,35.9,-3.5,-2.2,1.28,3,93.0,-28115.42,2.0,-10.3,-17.3,1.07
S3,29500,5,104.0,-30803.66,29.4,1.2,5.2,1.78,5,106.7,-30803.66,29.4,12.4,19.1,1.34,0,100.0,-28693.34,0.0,0.0,0.0,1.17
S3,32000,4,101.7,-33109.2,24.1,1.2,2.9,1.72,4,102.8,-33109.2,24.1,5.7,8.5,1.28,0,100.0,-28693.34,0.0,0.0,0.0,1.17
S3,34500,2,100.4,-35116.93,19.5,1.2,1.6,1.7,2,100.7,-35116.93,19.5,1.4,2.1,1.25,0,100.0,-28693.34,0.0,0.0,0.0,1.17
S3,37000,1,101.3,-38971.6,10.7,1.2,2.5,1.72,1,102.2,-38971.6,10.7,4.5,6.7,1.27,0,100.0,-28693.34,0.0,0.0,0.0,1.17
