fold_test,train_days,strategy,method,rule,days,skipped,net,base_net,worst_day,base_worst,max_dd,base_max_dd,profit_retained_pct,max_dd_reduction_pct,worst_day_reduction_pct,score
2025-07-03..2025-09-26,180,S1,skip,move_over_premium >= p85,60,11,105127.44,126335.68,-10210.8,-14378.89,17410.15,31789.04,83.2,45.2,29.0,28.4
2025-07-03..2025-09-26,180,S1,stop95,"stop at train P95 = Rs 34,353",60,0,126335.68,126335.68,-14378.89,-14378.89,31789.04,31789.04,100.0,0.0,0.0,0.0
2025-07-03..2025-09-26,180,S1,stop90,"stop at train P90 = Rs 22,339",60,0,82558.23,126335.68,-25996.3,-14378.89,64233.2,31789.04,65.3,-102.1,-80.8,-136.8
2025-07-03..2025-09-26,180,S2,skip,move_over_premium >= p85,60,11,22847.32,19088.36,-5437.49,-6592.91,12559.91,21341.52,119.7,41.1,17.5,60.8
2025-07-03..2025-09-26,180,S2,stop95,"stop at train P95 = Rs 10,524",60,0,19088.36,19088.36,-6592.91,-6592.91,21341.52,21341.52,100.0,0.0,0.0,0.0
2025-07-03..2025-09-26,180,S2,stop90,"stop at train P90 = Rs 8,390",60,0,19088.36,19088.36,-6592.91,-6592.91,21341.52,21341.52,100.0,0.0,0.0,0.0
2025-07-03..2025-09-26,180,S3,skip,move_over_premium >= p85,60,11,63487.22,58775.33,-10061.07,-16472.93,20711.58,39129.11,108.0,47.1,38.9,55.1
2025-07-03..2025-09-26,180,S3,stop95,"stop at train P95 = Rs 23,991",60,0,58775.33,58775.33,-16472.93,-16472.93,39129.11,39129.11,100.0,0.0,0.0,0.0
2025-07-03..2025-09-26,180,S3,stop90,"stop at train P90 = Rs 19,344",60,0,34921.82,58775.33,-19839.36,-16472.93,56861.97,39129.11,59.4,-45.3,-20.4,-85.9
2025-09-29..2025-12-26,240,S1,skip,move_over_premium >= p85,60,6,67308.64,87925.8,-16935.32,-16935.32,38046.92,38046.92,76.6,0.0,0.0,-23.4
2025-09-29..2025-12-26,240,S1,stop95,"stop at train P95 = Rs 30,097",60,0,87925.8,87925.8,-16935.32,-16935.32,38046.92,38046.92,100.0,0.0,0.0,0.0
2025-09-29..2025-12-26,240,S1,stop90,"stop at train P90 = Rs 21,481",60,0,70806.94,87925.8,-23802.16,-16935.32,55165.78,38046.92,80.5,-45.0,-40.5,-64.5
2025-09-29..2025-12-26,240,S2,skip,move_over_premium >= p85,60,6,-2405.46,6554.87,-7255.8,-7255.8,24237.24,27388.37,-36.7,11.5,0.0,-125.2
2025-09-29..2025-12-26,240,S2,stop95,"stop at train P95 = Rs 9,285",60,0,6554.87,6554.87,-7255.8,-7255.8,27388.37,27388.37,100.0,0.0,0.0,0.0
2025-09-29..2025-12-26,240,S2,stop90,"stop at train P90 = Rs 7,800",60,0,-7507.83,6554.87,-8446.34,-7255.8,41451.07,27388.37,-114.5,-51.3,-16.4,-265.8
2025-09-29..2025-12-26,240,S3,skip,move_over_premium >= p85,60,6,15001.76,26589.12,-14727.12,-14727.12,45078.53,45078.53,56.4,0.0,0.0,-43.6
2025-09-29..2025-12-26,240,S3,stop95,"stop at train P95 = Rs 21,802",60,0,26589.12,26589.12,-14727.12,-14727.12,45078.53,45078.53,100.0,0.0,0.0,0.0
2025-09-29..2025-12-26,240,S3,stop90,"stop at train P90 = Rs 17,659",60,0,22473.83,26589.12,-18120.95,-14727.12,49193.82,45078.53,84.5,-9.1,-23.0,-24.6
2025-12-29..2026-03-25,300,S1,skip,move_over_premium >= p85,60,11,-41789.27,20783.34,-42668.98,-42668.98,125982.88,90059.46,-201.1,-39.9,0.0,-341.0
2025-12-29..2026-03-25,300,S1,stop95,"stop at train P95 = Rs 28,720",60,0,30769.81,20783.34,-30570.74,-42668.98,76432.66,90059.46,148.1,15.1,28.4,63.2
2025-12-29..2026-03-25,300,S1,stop90,"stop at train P90 = Rs 20,566",60,0,-22927.78,20783.34,-22111.88,-42668.98,137095.45,90059.46,-110.3,-52.2,48.2,-262.5
2025-12-29..2026-03-25,300,S2,skip,move_over_premium >= p85,60,11,-24791.68,2491.12,-10777.16,-12470.69,54899.32,47232.86,-995.2,-16.2,13.6,-1111.4
2025-12-29..2026-03-25,300,S2,stop95,"stop at train P95 = Rs 9,083",60,0,-27019.54,2491.12,-10630.48,-12470.69,78592.33,47232.86,-1084.6,-66.4,14.8,-1251.0
2025-12-29..2026-03-25,300,S2,stop90,"stop at train P90 = Rs 7,098",60,0,-33502.59,2491.12,-8763.98,-12470.69,87272.3,47232.86,-1344.9,-84.8,29.7,-1529.7
2025-12-29..2026-03-25,300,S3,skip,day is Thu,60,11,34327.15,6945.5,-27850.42,-27850.42,46554.41,68412.66,494.2,32.0,0.0,426.2
2025-12-29..2026-03-25,300,S3,stop95,"stop at train P95 = Rs 20,967",60,0,-34310.67,6945.5,-22659.4,-27850.42,115379.34,68412.66,-494.0,-68.7,18.6,-662.7
2025-12-29..2026-03-25,300,S3,stop90,"stop at train P90 = Rs 17,246",60,0,-62740.15,6945.5,-19009.14,-27850.42,148283.72,68412.66,-903.3,-116.7,31.7,-1120.0
2026-03-27..2026-06-25,360,S1,skip,day is Thu,60,12,19618.31,24024.15,-38406.97,-38406.97,44974.65,44809.88,81.7,-0.4,0.0,-18.7
2026-03-27..2026-06-25,360,S1,stop95,"stop at train P95 = Rs 28,720",60,0,15001.39,24024.15,-30187.92,-38406.97,56800.35,44809.88,62.4,-26.8,21.4,-64.4
2026-03-27..2026-06-25,360,S1,stop90,"stop at train P90 = Rs 21,269",60,0,29320.76,24024.15,-23525.71,-38406.97,51052.66,44809.88,122.0,-13.9,38.7,8.1
2026-03-27..2026-06-25,360,S2,skip,day is Thu,60,12,-42556.61,-51509.18,-14979.81,-14979.81,62827.69,74996.55,,16.2,0.0,16.2
2026-03-27..2026-06-25,360,S2,stop95,"stop at train P95 = Rs 9,247",60,0,-43620.98,-51509.18,-10098.01,-14979.81,67108.35,74996.55,,10.5,32.6,10.5
2026-03-27..2026-06-25,360,S2,stop90,"stop at train P90 = Rs 7,439",60,0,-39136.36,-51509.18,-9198.42,-14979.81,62954.61,74996.55,,16.1,38.6,16.1
2026-03-27..2026-06-25,360,S3,skip,day is Thu,60,12,-12090.29,-21842.43,-26243.62,-26243.62,56105.34,75420.65,,25.6,0.0,25.6
2026-03-27..2026-06-25,360,S3,stop95,"stop at train P95 = Rs 20,967",60,0,-31320.89,-21842.43,-22384.86,-26243.62,84899.11,75420.65,,-12.6,14.7,-12.6
2026-03-27..2026-06-25,360,S3,stop90,"stop at train P90 = Rs 17,449",60,0,-24516.58,-21842.43,-21008.01,-26243.62,78094.8,75420.65,,-3.5,20.0,-3.5
2026-06-29..2026-09-18,420,S1,skip,day is Thu,59,12,112361.97,149212.5,-42666.2,-42666.2,54288.95,54288.95,75.3,0.0,0.0,-24.7
2026-06-29..2026-09-18,420,S1,stop95,"stop at train P95 = Rs 28,688",59,0,164458.52,149212.5,-33113.77,-42666.2,42847.12,54288.95,110.2,21.1,22.4,31.3
2026-06-29..2026-09-18,420,S1,stop90,"stop at train P90 = Rs 21,101",59,0,183947.68,149212.5,-22572.27,-42666.2,34195.02,54288.95,123.3,37.0,47.1,60.3
2026-06-29..2026-09-18,420,S2,skip,premium_pct <= p20,59,15,15608.96,61696.28,-7569.58,-7987.36,11908.39,15999.46,25.3,25.6,5.2,-49.1
2026-06-29..2026-09-18,420,S2,stop95,"stop at train P95 = Rs 9,285",59,0,61696.28,61696.28,-7987.36,-7987.36,15999.46,15999.46,100.0,0.0,0.0,0.0
2026-06-29..2026-09-18,420,S2,stop90,"stop at train P90 = Rs 7,714",59,0,60469.99,61696.28,-8795.87,-7987.36,15999.46,15999.46,98.0,0.0,-10.1,-2.0
2026-06-29..2026-09-18,420,S3,skip,day is Thu,59,12,88832.33,110460.2,-28693.34,-28693.34,39818.77,39818.77,80.4,0.0,0.0,-19.6
2026-06-29..2026-09-18,420,S3,stop95,"stop at train P95 = Rs 21,054",59,0,116482.38,110460.2,-22163.87,-28693.34,33028.51,39818.77,105.5,17.1,22.8,22.6
2026-06-29..2026-09-18,420,S3,stop90,"stop at train P90 = Rs 17,287",59,0,123858.22,110460.2,-18798.28,-28693.34,29018.26,39818.77,112.1,27.1,34.5,39.2
