strategy,method,oos_days,base_net,net,profit_retained_pct,base_worst,worst_day,base_max_dd,max_dd,max_dd_reduction_pct,base_t,t,folds_improved(score>0)
S1,skip,299,408281.47,262627.09,64.3,-42668.98,-42668.98,90059.46,125982.88,-39.9,2.43,1.79,1/5
S1,stop95,299,408281.47,424491.2,104.0,-42668.98,-33113.77,90059.46,76432.66,15.1,2.43,2.61,2/5
S1,stop90,299,408281.47,343705.83,84.2,-42668.98,-25996.3,90059.46,139009.79,-54.4,2.43,2.16,2/5
S2,skip,299,38321.45,-31297.47,-81.7,-14979.81,-14979.81,97185.83,96402.11,0.8,0.5,-0.56,2/5
S2,stop95,299,38321.45,16698.99,43.6,-14979.81,-10630.48,97185.83,120657.1,-24.2,0.5,0.22,1/5
S2,stop90,299,38321.45,-588.43,-1.5,-14979.81,-9198.42,97185.83,125183.33,-28.8,0.5,-0.01,1/5
S3,skip,299,180927.72,189558.17,104.8,-28693.34,-28693.34,101427.07,56105.34,44.7,1.34,1.52,3/5
S3,stop95,299,180927.72,136215.27,75.3,-28693.34,-22659.4,101427.07,157872.21,-55.7,1.34,1.02,1/5
S3,stop90,299,180927.72,93997.14,52.0,-28693.34,-21008.01,101427.07,183972.28,-81.4,1.34,0.7,1/5
