width_x_premium,sample,days,net_iron_fly,avg_day,win_pct,worst_day,max_dd,t,avg_net_credit_pts,avg_wing_cost_pts,avg_width_pts,avg_max_loss_pts(width-credit),same_days_S1_net,same_days_S1_worst,same_days_S1_max_dd
0.5,all covered days,102,-13954.0,-137.0,34.3,-5046.0,35104.0,-0.36,48.6,74.2,60.0,12.0,407211.0,-46559.0,72146.0
0.5,expiry days only,100,-14156.0,-142.0,33.0,-5046.0,35104.0,-0.36,47.5,72.8,59.0,12.0,394798.0,-46559.0,72146.0
0.75,all covered days,122,54606.0,448.0,48.4,-9750.0,45383.0,0.84,70.9,56.3,98.0,27.0,414807.0,-46559.0,72146.0
0.75,expiry days only,100,53875.0,539.0,47.0,-9750.0,45383.0,0.85,65.2,55.1,90.0,24.0,394798.0,-46559.0,72146.0
0.75,non-expiry days only,22,731.0,33.0,54.5,-6568.0,15474.0,0.06,96.7,61.6,136.0,40.0,20008.0,-20185.0,35314.0
1.0,all covered days,478,121205.0,254.0,56.9,-16220.0,97186.0,1.08,161.8,77.3,239.0,77.0,645372.0,-89614.0,116076.0
1.0,expiry days only,102,74994.0,735.0,52.0,-16220.0,64144.0,0.82,79.3,40.8,122.0,42.0,240118.0,-89614.0,148101.0
1.0,non-expiry days only,376,46211.0,123.0,58.2,-11766.0,81418.0,0.71,184.2,87.3,271.0,87.0,405254.0,-48218.0,129209.0
1.25,all covered days,116,82022.0,707.0,54.3,-16724.0,88568.0,0.78,90.1,33.1,150.0,60.0,286199.0,-89614.0,141292.0
1.25,expiry days only,99,89444.0,903.0,55.6,-16724.0,78080.0,0.86,86.7,31.3,146.0,60.0,289673.0,-89614.0,148101.0
1.25,non-expiry days only,17,-7421.0,-437.0,47.1,-10488.0,16940.0,-0.46,109.8,43.8,174.0,64.0,-3474.0,-23013.0,35118.0
1.5,all covered days,96,204814.0,2133.0,59.4,-19363.0,54879.0,1.83,93.7,24.0,174.0,80.0,460003.0,-46559.0,58281.0
1.5,expiry days only,96,204814.0,2133.0,59.4,-19363.0,54879.0,1.83,93.7,24.0,174.0,80.0,460003.0,-46559.0,58281.0
2.0,all covered days,478,349676.0,732.0,61.5,-43620.0,102617.0,1.69,215.6,23.7,479.0,263.0,674300.0,-89614.0,116076.0
2.0,expiry days only,102,148190.0,1453.0,57.8,-43620.0,82355.0,0.96,106.2,14.0,242.0,135.0,240118.0,-89614.0,148101.0
2.0,non-expiry days only,376,201486.0,536.0,62.5,-29087.0,133893.0,1.45,245.3,26.3,543.0,298.0,434183.0,-48218.0,129209.0
