strategy,stop_at_x_premium,all_triggered,all_profit_retained_pct,all_worst_day,all_max_dd_reduction_pct,all_score,all_t,train_triggered,train_profit_retained_pct,train_worst_day,train_max_dd_reduction_pct,train_score,train_t,valid_triggered,valid_profit_retained_pct,valid_worst_day,valid_max_dd_reduction_pct,valid_score,valid_t
S1,0.75,28,113.9,-46754.5,11.8,25.7,3.11,18,121.4,-46754.5,17.9,39.3,2.53,10,102.0,-45228.65,-13.7,-11.7,1.81
S1,1.0,16,115.8,-48218.38,15.0,30.8,3.09,11,117.7,-48218.38,15.0,32.7,2.38,5,112.7,-42668.98,0.0,12.7,1.98
S1,1.25,12,111.2,-48218.38,19.5,30.7,2.9,8,114.3,-48218.38,19.5,33.8,2.25,4,106.4,-42668.98,0.0,6.4,1.83
S1,1.5,8,110.8,-56879.17,9.1,19.9,2.84,6,111.9,-56879.17,9.1,21.0,2.14,2,109.1,-42668.98,0.0,9.1,1.89
S1,1.75,7,109.3,-56879.17,9.1,18.4,2.78,5,113.4,-56879.17,9.1,22.5,2.17,2,102.6,-45192.58,0.0,2.6,1.73
S1,2.0,6,105.4,-56879.17,9.1,14.5,2.64,5,107.6,-56879.17,9.1,16.7,2.02,1,102.0,-42668.98,0.0,2.0,1.71
S1,2.5,2,105.7,-68090.08,18.0,23.7,2.63,2,109.2,-68090.08,18.0,27.2,2.04,0,100.0,-42668.98,0.0,0.0,1.67
S2,0.25,46,56.0,-12626.97,-22.2,-66.2,0.64,33,48.5,-11766.07,-9.8,-61.3,0.5,13,73.8,-12626.97,-20.5,-46.7,0.4
S2,0.35,20,94.9,-16031.5,1.7,-3.4,1.04,16,85.4,-16031.5,3.6,-11.0,0.84,4,117.3,-14979.81,1.7,19.0,0.6
S2,0.5,3,103.9,-16220.26,0.0,3.9,1.13,3,105.5,-16220.26,6.7,12.2,1.04,0,100.0,-14979.81,0.0,0.0,0.51
S2,0.75,1,100.0,-16220.26,0.0,0.0,1.08,1,100.0,-16220.26,-0.0,-0.0,0.98,0,100.0,-14979.81,0.0,0.0,0.51
S2,1.0,0,100.0,-16220.26,0.0,0.0,1.08,0,100.0,-16220.26,0.0,0.0,0.98,0,100.0,-14979.81,0.0,0.0,0.51
S3,0.25,103,61.7,-21209.02,-13.2,-51.5,1.22,70,47.4,-21209.02,17.9,-34.7,0.68,33,82.9,-18719.08,-9.9,-27.0,1.17
S3,0.35,76,61.7,-27355.78,-37.8,-76.1,1.17,52,53.7,-27355.78,23.0,-23.3,0.75,24,73.6,-20865.35,-39.4,-65.8,0.96
S3,0.5,46,81.6,-28261.39,-63.4,-81.8,1.5,30,91.7,-28261.39,17.3,9.0,1.24,16,66.7,-23624.03,-65.3,-98.6,0.83
S3,0.75,22,111.3,-34484.46,-2.8,8.5,1.96,15,109.3,-34484.46,19.3,28.6,1.42,7,114.3,-24512.66,-4.0,10.3,1.39
S3,1.0,12,105.0,-43619.99,-6.2,-1.2,1.79,7,108.6,-43619.99,2.7,11.3,1.36,5,99.7,-26482.22,-7.5,-7.8,1.17
