strategy,variant,trades,skipped,net,avg/day,win%,worst_day,max_dd,t,profit_retained%,worst_day_reduction%,max_dd_reduction%,avg_lots
S1,baseline (3 lots),287,0,403715.03,1406.67,63.1,-89614.31,116075.59,1.77,100.0,0.0,0.0,
S1,skip: move_over_premium >= p90,258,29,588553.53,2050.71,58.2,-46559.09,93429.71,3.32,145.8,48.0,19.5,
S1,size: move_over_premium 3/2/1 at p80/p90,287,0,492960.01,1717.63,63.1,-46559.09,93429.71,2.77,122.1,48.0,19.5,2.7
S1,"loss control (train-best): train P90 of daily max loss (Rs 20,944)",287,0,409633.94,1427.3,61.7,-24730.87,78755.33,2.09,101.5,72.4,32.2,
S1,"stop at train P95 = Rs 29,442",287,0,425320.89,1481.95,62.4,-33322.45,93930.78,2.09,105.4,62.8,19.1,
S2,baseline (3 lots),286,0,85298.98,298.25,54.9,-16220.26,50764.46,0.98,100.0,0.0,0.0,
S2,skip: move_over_premium >= p85,243,43,142810.41,499.34,48.6,-16220.26,39133.03,1.97,167.4,0.0,22.9,
S2,size: move_over_premium 3/2/1 at p80/p90,286,0,106138.96,371.12,54.5,-16220.26,43136.04,1.47,124.4,0.0,15.0,2.7
S2,"loss control (train-best): Rs 10,000",286,0,97343.65,340.36,54.9,-10992.41,43091.06,1.14,114.1,32.2,15.1,
S2,"stop at train P95 = Rs 9,123",286,0,65381.49,228.61,54.2,-10992.41,42715.2,0.76,76.6,32.2,15.9,
S3,baseline (3 lots),286,0,208599.03,729.37,59.1,-43619.99,102617.03,1.23,100.0,0.0,0.0,
S3,skip: move_over_premium >= p85,243,43,344737.95,1205.38,52.4,-43619.99,92244.34,2.43,165.3,0.0,10.1,
S3,size: move_over_premium 3/2/1/0 at p70/p85/p95,271,15,271393.79,948.93,56.6,-43619.99,90496.42,1.97,130.1,0.0,11.8,2.5
S3,"loss control (train-best): train P70 of daily max loss (Rs 8,245)",286,0,145346.44,508.2,53.5,-13955.88,54539.29,1.03,69.7,68.0,46.9,
S3,"stop at train P95 = Rs 21,057",286,0,186766.58,653.03,58.7,-24896.79,91303.69,1.13,89.5,42.9,11.0,
