sample,days,variant,net,avg_day,win_pct,worst_day,max_dd,t
all,473,S1,879006.76,1858.37,66.2,-48218.38,116321.19,3.65
all,473,S4 (S3 on expiry),685728.36,1449.74,65.3,-48218.38,127779.71,3.04
all,473,S1 + 1.5x wings on expiry,623817.34,1318.85,65.1,-48218.38,140602.41,2.93
first 60%,283,S1,638132.98,2254.89,64.0,-48218.38,74550.04,3.37
first 60%,283,S4 (S3 on expiry),488314.73,1725.49,62.9,-48218.38,68803.72,2.71
first 60%,283,S1 + 1.5x wings on expiry,444750.57,1571.56,62.9,-48218.38,62503.07,2.59
last 40%,190,S1,240873.78,1267.76,69.5,-42668.98,116321.19,1.61
last 40%,190,S4 (S3 on expiry),197413.63,1039.02,68.9,-42668.98,127779.71,1.44
last 40%,190,S1 + 1.5x wings on expiry,179066.77,942.46,68.4,-42668.98,140602.41,1.41
