family,variant,all_net,all_gain,all_worst,all_max_dd,all_t,all_win%,train_net,train_gain,train_worst,train_max_dd,train_t,train_win%,valid_net,valid_gain,valid_worst,valid_max_dd,valid_t,valid_win%,gain_ci95_low,gain_ci95_high
combined stop,loss >= 0.5 x premium,596879.09,-62242.0,-36669.13,136188.3,2.64,62.4,335456.2,-68259.0,-36669.13,76634.39,1.83,58.5,261422.89,6016.0,-33113.77,136188.3,1.98,68.2,-401344.0,231481.0
combined stop,loss >= 0.75 x premium,750468.84,91347.0,-46754.5,102372.51,3.11,64.7,490031.15,86316.0,-46754.5,95253.77,2.53,62.0,260437.69,5031.0,-45228.65,102372.51,1.81,68.8,-122918.0,316525.0
combined stop,loss >= 1.0 x premium,762954.4,103833.0,-48218.38,98677.54,3.09,65.1,475116.78,71402.0,-48218.38,98677.54,2.38,62.4,287837.62,32431.0,-42668.98,90059.46,1.98,69.3,-69261.0,307486.0
combined stop,loss >= 1.25 x premium,733145.12,74024.0,-48218.38,93429.71,2.9,65.3,461285.11,57570.0,-48218.38,93429.71,2.25,62.7,271860.01,16454.0,-42668.98,90059.46,1.83,69.3,-74691.0,242966.0
combined stop,loss >= 1.5 x premium,730552.43,71431.0,-56879.17,105538.44,2.84,65.6,451920.95,48206.0,-56879.17,105538.44,2.14,63.1,278631.48,23225.0,-42668.98,90059.46,1.89,69.3,-38238.0,216987.0
combined stop,loss >= 2.0 x premium,694910.11,35789.0,-56879.17,105538.44,2.64,65.6,434489.97,30775.0,-56879.17,105538.44,2.02,63.1,260420.14,5014.0,-42668.98,90059.46,1.71,69.3,-50620.0,163183.0
combined stop,loss >= 2.5 x premium,696392.75,37271.0,-68090.08,95218.36,2.63,65.6,440986.34,37271.0,-68090.08,95218.36,2.04,63.1,255406.41,0.0,-42668.98,90059.46,1.67,69.3,-9072.0,120885.0
combined stop,"loss >= 100 pts/unit (Rs 19,500)",666505.44,7384.0,-23890.34,137819.77,2.8,64.5,422767.19,19052.0,-23890.34,74207.86,2.18,61.7,243738.25,-11668.0,-22276.71,137819.77,1.76,68.8,-261317.0,256499.0
combined stop,"loss >= 125 pts/unit (Rs 24,375)",729052.21,69931.0,-29130.6,82327.37,2.98,65.1,446636.08,42921.0,-28408.19,66275.29,2.26,62.4,282416.13,27010.0,-29130.6,82327.37,1.96,69.3,-126178.0,274461.0
combined stop,"loss >= 150 pts/unit (Rs 29,250)",710780.4,51659.0,-33322.45,93930.78,2.84,65.1,425320.89,21606.0,-33322.45,93930.78,2.09,62.4,285459.51,30053.0,-33113.77,77320.3,1.96,69.3,-131001.0,235477.0
combined stop,"loss >= 175 pts/unit (Rs 34,125)",780582.41,121461.0,-45192.58,83987.52,3.13,65.6,516094.73,112380.0,-39002.65,83987.52,2.59,63.1,264487.68,9081.0,-45192.58,82480.35,1.75,69.3,24930.0,254759.0
combined stop,"loss >= 200 pts/unit (Rs 39,000)",716203.79,57082.0,-45192.58,99042.06,2.76,65.6,464133.37,60418.0,-44367.54,99042.06,2.22,63.1,252070.42,-3336.0,-45192.58,87630.63,1.64,69.3,-29122.0,176412.0
combined stop,"loss >= 250 pts/unit (Rs 48,750)",682483.07,23362.0,-56879.17,125466.55,2.56,65.6,427076.66,23362.0,-56879.17,125466.55,1.95,63.1,255406.41,0.0,-42668.98,90059.46,1.67,69.3,-50508.0,132971.0
"per-leg stop (that leg only), on close",leg +30%,-76230.64,-735352.0,-35423.66,206355.55,-0.37,59.1,-2709.11,-406424.0,-35423.66,206355.55,-0.02,60.3,-73521.53,-328928.0,-27485.33,159839.75,-0.56,57.3,-1427202.0,-84803.0
"per-leg stop (closes both), on close",leg +30%,-7856.48,-666978.0,-9023.41,118426.97,-0.08,38.4,-39580.45,-443295.0,-8772.27,66134.42,-0.49,34.5,31723.97,-223682.0,-9023.41,84140.08,0.57,44.3,-1146056.0,-176811.0
"per-leg stop (that leg only), INTRABAR touch (optimistic)",leg +30%,-20020.05,-679141.0,-33300.14,181937.53,-0.1,56.4,-15594.2,-419309.0,-33300.14,181937.53,-0.1,56.4,-4425.85,-259832.0,-24038.15,110348.25,-0.04,56.2,-1369105.0,-43841.0
"per-leg stop (closes both), INTRABAR touch (optimistic)",leg +30%,-1236.65,-660358.0,-13739.77,119923.56,-0.01,40.7,-32321.49,-436037.0,-13739.77,60505.56,-0.42,35.9,31084.84,-224322.0,-8377.68,91182.19,0.6,47.9,-1146455.0,-168137.0
"per-leg stop (that leg only), on close",leg +50%,291328.42,-367793.0,-47401.98,135463.89,1.36,60.3,104399.38,-299316.0,-47401.98,93423.94,0.59,56.4,186929.04,-68477.0,-39899.24,135463.89,1.55,66.1,-990974.0,214865.0
"per-leg stop (closes both), on close",leg +50%,273142.39,-385979.0,-16132.36,99183.89,1.79,44.3,97497.17,-306218.0,-16132.36,78148.76,0.77,36.9,175645.22,-79761.0,-14700.44,99183.89,2.07,55.2,-845015.0,78926.0
"per-leg stop (that leg only), INTRABAR touch (optimistic)",leg +50%,186166.89,-472955.0,-47250.79,143762.07,0.88,61.0,28185.77,-375529.0,-47250.79,125509.85,0.17,56.1,157981.11,-97425.0,-39109.14,143762.07,1.24,68.2,-1104186.0,156457.0
"per-leg stop (closes both), INTRABAR touch (optimistic)",leg +50%,173145.8,-485976.0,-18827.96,110516.51,1.22,42.4,29896.7,-373818.0,-14536.55,90971.95,0.26,36.9,143249.1,-112157.0,-18827.96,110516.51,1.73,50.5,-951589.0,-354.0
"per-leg stop (that leg only), on close",leg +70%,166018.28,-493103.0,-59555.88,184299.08,0.7,61.0,90552.07,-313163.0,-59555.88,106391.53,0.45,57.5,75466.21,-179940.0,-49726.14,184299.08,0.59,66.1,-1030484.0,42300.0
"per-leg stop (closes both), on close",leg +70%,255576.78,-403545.0,-21743.07,124573.26,1.38,50.7,140172.38,-263543.0,-21140.23,82274.56,0.89,47.0,115404.4,-140002.0,-21743.07,124573.26,1.19,56.2,-807803.0,10136.0
"per-leg stop (that leg only), INTRABAR touch (optimistic)",leg +70%,216081.11,-443040.0,-57085.1,226423.85,0.91,61.4,159580.24,-244135.0,-57085.1,100907.25,0.82,57.5,56500.88,-198906.0,-48718.51,226423.85,0.42,67.2,-1007838.0,116213.0
"per-leg stop (closes both), INTRABAR touch (optimistic)",leg +70%,320928.1,-338193.0,-21807.43,147737.87,1.79,50.5,215104.41,-188611.0,-21807.43,58226.05,1.43,46.7,105823.69,-149583.0,-21706.0,147737.87,1.08,56.2,-759290.0,95451.0
"per-leg stop (that leg only), on close",leg +100%,332224.43,-326897.0,-54850.46,179686.45,1.46,59.5,150065.3,-253650.0,-54850.46,119232.39,0.79,55.1,182159.13,-73247.0,-45208.61,179686.45,1.47,66.1,-794998.0,108517.0
"per-leg stop (closes both), on close",leg +100%,291453.28,-367668.0,-30650.71,163191.85,1.38,56.4,143522.09,-260193.0,-30650.71,80344.74,0.81,53.0,147931.19,-107475.0,-30375.65,163191.85,1.29,61.5,-762809.0,15554.0
"per-leg stop (that leg only), INTRABAR touch (optimistic)",leg +100%,451956.99,-207164.0,-44949.81,172253.63,2.11,59.9,267780.61,-135934.0,-44949.81,90470.82,1.49,56.1,184176.38,-71230.0,-42487.15,172253.63,1.56,65.6,-664565.0,262070.0
"per-leg stop (closes both), INTRABAR touch (optimistic)",leg +100%,358779.63,-300342.0,-31975.36,158734.15,1.77,56.2,214484.84,-189230.0,-27763.42,77398.94,1.26,53.7,144294.79,-111112.0,-31975.36,158734.15,1.31,59.9,-679111.0,80810.0
"per-leg stop (that leg only), on close",leg +150%,598582.14,-60539.0,-45409.01,117742.88,2.65,61.6,347732.99,-55982.0,-45409.01,73710.91,1.87,58.9,250849.15,-4557.0,-33913.63,117742.88,1.95,65.6,-408284.0,278248.0
"per-leg stop (closes both), on close",leg +150%,521437.05,-137684.0,-47077.01,134861.72,2.26,61.6,299770.9,-103944.0,-47077.01,87403.19,1.57,58.9,221666.15,-33740.0,-37356.91,134861.72,1.7,65.6,-464638.0,158727.0
"per-leg stop (that leg only), INTRABAR touch (optimistic)",leg +150%,559005.91,-100116.0,-67296.99,113333.91,2.37,61.6,291198.81,-112516.0,-67296.99,109776.95,1.46,58.9,267807.1,12401.0,-32869.91,113333.91,2.13,65.6,-470383.0,247621.0
"per-leg stop (closes both), INTRABAR touch (optimistic)",leg +150%,567372.21,-91749.0,-44228.74,130706.36,2.51,61.6,331145.73,-72569.0,-44228.74,85771.29,1.77,58.9,236226.48,-19180.0,-36596.07,130706.36,1.86,65.6,-410795.0,210242.0
"per-leg stop (that leg only), on close",leg +200%,686657.9,27536.0,-45067.73,140470.45,2.92,63.7,420465.17,16750.0,-45067.73,89492.58,2.16,60.6,266192.73,10786.0,-36917.96,140470.45,2.01,68.2,-274204.0,322760.0
"per-leg stop (closes both), on close",leg +200%,651992.93,-7129.0,-48862.17,147571.62,2.73,63.7,398498.4,-5217.0,-48862.17,98486.07,2.02,60.6,253494.53,-1912.0,-36917.96,147571.62,1.89,68.2,-282020.0,261170.0
"per-leg stop (that leg only), INTRABAR touch (optimistic)",leg +200%,622316.38,-36805.0,-42951.04,136510.2,2.66,62.8,361556.8,-42158.0,-42951.04,85610.35,1.87,59.6,260759.58,5353.0,-36917.96,136510.2,1.97,67.7,-355352.0,275702.0
"per-leg stop (closes both), INTRABAR touch (optimistic)",leg +200%,590306.56,-68815.0,-47028.35,144284.4,2.49,62.8,345922.55,-57792.0,-47028.35,94535.57,1.77,59.6,244384.01,-11022.0,-36917.96,144284.4,1.82,67.7,-377592.0,212850.0
profit target,exit at +20% of premium,327078.01,-332043.0,-89614.31,141412.65,1.42,70.6,122963.77,-280751.0,-89614.31,141412.65,0.63,66.9,204114.24,-51292.0,-42668.98,90459.97,1.69,76.0,-589599.0,-75257.0
profit target,exit at +30% of premium,450054.81,-209067.0,-89614.31,113181.56,1.81,68.9,207440.27,-196275.0,-89614.31,113181.56,0.99,65.2,242614.54,-12792.0,-42668.98,95181.08,1.84,74.5,-427490.0,-21781.0
profit target,exit at +40% of premium,516518.93,-142603.0,-89614.31,107050.88,2.02,67.8,307309.05,-96406.0,-89614.31,107050.88,1.43,65.2,209209.88,-46197.0,-42668.98,98097.62,1.5,71.9,-310952.0,19210.0
profit target,exit at +50% of premium,554882.7,-104239.0,-89614.31,103726.6,2.12,66.8,356667.91,-47047.0,-89614.31,103726.6,1.63,64.5,198214.79,-57192.0,-42668.98,92986.35,1.38,70.3,-236399.0,24644.0
profit target,exit at +60% of premium,576974.37,-82147.0,-89614.31,101137.8,2.17,66.0,361084.73,-42630.0,-89614.31,101137.8,1.62,63.4,215889.64,-39517.0,-42668.98,94617.8,1.48,69.8,-161614.0,-4822.0
profit target,exit at +70% of premium,635162.84,-23959.0,-89614.31,119626.17,2.33,65.6,382741.28,-20974.0,-89614.31,119626.17,1.69,63.1,252421.56,-2985.0,-42668.98,90059.46,1.66,69.3,-72979.0,19699.0
profit target,exit at +80% of premium,655522.1,-3599.0,-89614.31,118270.31,2.39,65.6,395170.27,-8545.0,-89614.31,118270.31,1.73,63.1,260351.83,4945.0,-42668.98,90059.46,1.69,69.3,-36597.0,29552.0
trailing exit,"arm 0.3 x premium, give back 0.15",532826.26,-126295.0,-89614.31,106359.54,2.08,68.9,292308.85,-111406.0,-89614.31,105540.91,1.34,65.2,240517.41,-14889.0,-42668.98,106359.54,1.77,74.5,-316068.0,44957.0
trailing exit,"arm 0.3 x premium, give back 0.25",553017.67,-106104.0,-89614.31,123158.99,2.12,67.8,355819.28,-47896.0,-89614.31,105540.91,1.6,64.8,197198.39,-58208.0,-42668.98,123158.99,1.45,72.4,-272981.0,48039.0
trailing exit,"arm 0.5 x premium, give back 0.2",582405.53,-76716.0,-89614.31,101714.76,2.18,66.6,351745.87,-51969.0,-89614.31,101714.76,1.59,64.1,230659.66,-24747.0,-42668.98,90059.46,1.53,70.3,-172744.0,10552.0
trailing exit,"arm 0.5 x premium, give back 0.3",620504.03,-38617.0,-89614.31,99678.55,2.3,66.6,376588.23,-27127.0,-89614.31,99678.55,1.68,64.1,243915.8,-11491.0,-42668.98,90059.46,1.61,70.3,-121129.0,42566.0
trailing exit,"arm 0.7 x premium, give back 0.2",646596.89,-12525.0,-89614.31,116075.59,2.36,65.6,396935.77,-6779.0,-89614.31,116075.59,1.74,63.1,249661.12,-5745.0,-42668.98,90059.46,1.64,69.3,-38255.0,6488.0
delayed hedge (buy wings after loss),"loss >= 0.5 x premium, buy S3 wings",676582.34,17461.0,-47999.69,103539.71,2.75,65.1,406112.52,2397.0,-47999.69,103539.71,2.03,62.4,270469.82,15063.0,-35929.75,90664.5,1.88,69.3,-125404.0,185687.0
delayed hedge (buy wings after loss),"loss >= 0.5 x premium, buy S2 wings",642480.8,-16641.0,-37098.31,118276.22,2.81,63.3,368033.2,-35682.0,-37098.31,94580.86,1.98,59.2,274447.6,19041.0,-33974.57,118276.22,2.05,69.3,-263600.0,228595.0
delayed hedge (buy wings after loss),"loss >= 0.75 x premium, buy S3 wings",725512.52,66391.0,-47571.57,100196.64,2.89,65.3,457211.12,53496.0,-47571.57,100196.64,2.24,62.7,268301.4,12895.0,-42396.87,86999.13,1.83,69.3,-51224.0,206640.0
delayed hedge (buy wings after loss),"loss >= 0.75 x premium, buy S2 wings",752709.31,93588.0,-45140.27,105934.24,3.11,64.7,488780.91,85066.0,-45140.27,94268.68,2.51,62.0,263928.4,8522.0,-44304.41,105934.24,1.82,68.8,-89801.0,298156.0
delayed hedge (buy wings after loss),"loss >= 1.0 x premium, buy S3 wings",729386.32,70265.0,-48218.38,99281.65,2.87,65.3,456107.69,52393.0,-48218.38,99281.65,2.21,62.7,273278.63,17872.0,-42668.98,90059.46,1.84,69.3,-35851.0,204438.0
delayed hedge (buy wings after loss),"loss >= 1.0 x premium, buy S2 wings",753958.07,94837.0,-48218.38,98869.69,3.04,65.1,471312.13,67597.0,-48218.38,98869.69,2.35,62.4,282645.94,27240.0,-42668.98,90059.46,1.93,69.3,-58878.0,273249.0
delayed hedge (buy wings after loss),"loss >= 1.25 x premium, buy S3 wings",711493.51,52372.0,-48218.38,94651.48,2.77,65.3,444266.11,40551.0,-48218.38,94651.48,2.12,62.7,267227.4,11821.0,-42668.98,90059.46,1.79,69.3,-46436.0,177088.0
delayed hedge (buy wings after loss),"loss >= 1.25 x premium, buy S2 wings",723144.49,64023.0,-48218.38,93429.71,2.85,65.3,454833.89,51119.0,-48218.38,93429.71,2.21,62.7,268310.6,12904.0,-42668.98,90059.46,1.8,69.3,-73320.0,222334.0
