basis,period,strategy,days,traded,net,avg_day,median_day,win_pct,worst_day,max_dd,t
fric,all,S1,479,479,659121.44,1376.04,3148.25,65.6,-89614.31,116075.59,2.4
fric,all,S5,479,479,762954.4,1592.81,3128.5,65.1,-48218.38,98677.54,3.09
fric,train (to 2025-12-08),S1,287,287,403715.03,1406.67,3213.17,63.1,-89614.31,116075.59,1.77
fric,train (to 2025-12-08),S5,287,287,475116.78,1655.46,3130.72,62.4,-48218.38,98677.54,2.38
fric,validation,S1,192,192,255406.41,1330.24,2948.96,69.3,-42668.98,90059.46,1.67
fric,validation,S5,192,192,287837.62,1499.15,2948.96,69.3,-42668.98,90059.46,1.98
proj,all,S1,479,479,699363.16,1460.05,3226.25,66.0,-89536.31,114515.59,2.55
proj,all,S5,479,479,803196.12,1676.82,3206.5,65.6,-48140.38,98209.54,3.26
proj,train (to 2025-12-08),S1,287,287,426101.03,1484.67,3291.17,63.8,-89536.31,114515.59,1.87
proj,train (to 2025-12-08),S5,287,287,497502.78,1733.46,3208.72,63.1,-48140.38,98209.54,2.49
proj,validation,S1,192,192,273262.13,1423.24,3051.77,69.3,-42590.98,89591.46,1.78
proj,validation,S5,192,192,305693.34,1592.15,3051.77,69.3,-42590.98,89591.46,2.1
