month,S1,S5
2024-10,-1859.0,5974.0
2024-11,-3477.0,9760.0
2024-12,43409.0,43409.0
2025-01,51653.0,46405.0
2025-02,128581.0,128581.0
2025-03,-7924.0,-7924.0
2025-04,-22547.0,49187.0
2025-05,26375.0,65217.0
2025-06,26725.0,38538.0
2025-07,25197.0,-5041.0
2025-08,81191.0,51958.0
2025-09,53697.0,53697.0
2025-10,-313.0,-7648.0
2025-11,14373.0,14373.0
2025-12,45823.0,45823.0
2026-01,-11937.0,-8125.0
2026-02,4846.0,4846.0
2026-03,34266.0,34266.0
2026-04,-22918.0,-22918.0
2026-05,19142.0,20195.0
2026-06,48796.0,59701.0
2026-07,37999.0,37999.0
2026-08,70443.0,70443.0
2026-09,17579.0,34240.0
