date,expiry_day,premium,stop_time,S1_result,S5_result,stop_saved(+)/cost(-)
2024-10-03,1,153.6,13:36,-38524,-30691,7833
2024-11-28,1,147.8,12:37,-46559,-33322,13237
2025-01-02,1,228.8,14:51,-41214,-46462,-5248
2025-04-17,1,92.9,11:14,-89614,-17881,71733
2025-05-08,1,61.9,15:00,-12710,-12739,-29
2025-05-15,1,129.7,10:42,-65066,-26195,38871
2025-06-12,1,99.5,13:31,-31959,-20146,11812
2025-07-24,1,65.3,11:57,-14379,-14106,273
2025-07-31,1,110.9,12:58,8088,-22423,-30512
2025-08-07,1,97.8,13:32,9849,-19385,-29234
2025-10-14,1,93.8,11:25,-11960,-19296,-7335
2026-01-20,1,117.9,15:10,-29271,-25459,3812
2026-05-12,1,130.3,15:02,-27574,-26520,1053
2026-06-02,1,116.1,13:33,-13297,-23431,-10135
2026-06-23,1,79.5,12:20,-38407,-17367,21040
2026-09-15,1,114.5,14:15,-42666,-26006,16660
