lots,strategy,net,avg_day,worst_day,max_dd,t
1,S1,189561.98,395.75,-29934.37,39956.08,2.07
1,S5,224172.96,468.0,-16135.73,33270.11,2.73
2,S1,424341.73,885.89,-59774.34,78013.08,2.32
2,S5,493563.68,1030.4,-32177.05,65973.84,3.0
3,S1,659121.44,1376.04,-89614.31,116075.59,2.4
3,S5,762954.4,1592.81,-48218.38,98677.54,3.09
4,S1,893901.14,1866.18,-119454.27,154138.11,2.44
4,S5,1032345.03,2155.21,-64259.71,131381.28,3.14
5,S1,1128680.72,2356.33,-149294.24,192200.67,2.47
5,S5,1301735.61,2717.61,-80301.03,164085.0,3.17
