strategy,period,days,net,avg_day,win_pct,worst_day,max_dd,t
S1,all 4.7 years,1165,2393412.33,2054.43,67.1,-200049.86,200049.86,4.89
S1,2022-01 to 2024-10-02,680,862661.63,1268.62,67.2,-200049.86,200049.86,2.35
S1,2024-10-03 on,485,1530750.7,3156.19,67.0,-65343.7,84545.3,4.76
S1,first half,582,682417.07,1172.54,66.2,-65003.04,107129.78,2.51
S1,second half,583,1710995.26,2934.81,68.1,-200049.86,200049.86,4.21
S2,all 4.7 years,1165,-98684.78,-84.71,51.4,-70551.66,626859.55,-0.37
S2,2022-01 to 2024-10-02,680,-486354.68,-715.23,47.6,-68901.31,626859.55,-2.5
S2,2024-10-03 on,485,387669.9,799.32,56.7,-70551.66,141410.48,2.18
S2,first half,582,-563430.76,-968.09,45.7,-58900.69,626859.55,-3.42
S2,second half,583,464745.98,797.16,57.1,-70551.66,141410.48,2.27
S3,all 4.7 years,1162,1000868.12,861.33,60.6,-106655.57,142205.95,2.62
S3,2022-01 to 2024-10-02,678,102348.93,150.96,58.4,-106655.57,142205.95,0.38
S3,2024-10-03 on,484,898519.19,1856.44,63.6,-49870.46,85689.12,3.37
S3,first half,582,7467.2,12.83,56.7,-35833.19,142205.95,0.03
S3,second half,580,993400.92,1712.76,64.5,-106655.57,109821.89,3.22
S4,all 4.7 years,1165,1972962.76,1693.53,65.8,-200049.86,200049.86,4.22
S4,2022-01 to 2024-10-02,680,624717.2,918.7,65.7,-200049.86,200049.86,1.76
S4,2024-10-03 on,485,1348245.56,2779.89,66.0,-65343.7,90886.8,4.43
S4,first half,582,470798.75,808.93,64.8,-58012.45,107373.5,1.82
S4,second half,583,1502164.01,2576.61,66.9,-200049.86,200049.86,3.87
